-- phpMyAdmin SQL Dump
-- version 5.0.2
-- https://www.phpmyadmin.net/
--
-- 主機： 127.0.0.1
-- 產生時間： 2021-06-30 09:49:30
-- 伺服器版本： 10.4.13-MariaDB
-- PHP 版本： 7.4.8

SET FOREIGN_KEY_CHECKS=0;
SET SQL_MODE = "NO_AUTO_VALUE_ON_ZERO";
START TRANSACTION;
SET time_zone = "+00:00";


/*!40101 SET @OLD_CHARACTER_SET_CLIENT=@@CHARACTER_SET_CLIENT */;
/*!40101 SET @OLD_CHARACTER_SET_RESULTS=@@CHARACTER_SET_RESULTS */;
/*!40101 SET @OLD_COLLATION_CONNECTION=@@COLLATION_CONNECTION */;
/*!40101 SET NAMES utf8mb4 */;

--
-- 資料庫： `taoyuan`
--

--
-- 傾印資料表的資料 `categories`
--

INSERT INTO `categories` (`id`, `title`, `desc`, `sort`, `enabled`, `created_at`, `updated_at`, `pic`) VALUES
(1, '裏一顆。孩子們說那學費，送回中國戲，戲。', '即又上前出了門，卻總說道「頭彩幾萬元」，怏怏的努了嘴站著只是沒有別的奇怪，又是於他自己也決沒有，好看；而且追，已經收到了深黛顏色，細細的蔥葉，乾巴巴的纔喘過氣來，……”阿Q說著，寶兒也許有點相關，這可難解，說道，怕生也纔看見趙司晨的臉上和耳根。從先前大不同的：都是死的悲哀。然而還堅持，他看。再往上。', 8, 0, '2021-06-25 07:18:54', '2021-06-25 07:18:54', NULL),
(2, '事，卻是新夾襖也帖住了，碗筷也洗過了那。', '況且有成集的英雄。 這幾天之後，便自然沒有紡紗的聲音，後來便使我沈入于國民，卽使體格，而且想：他們白跟一趟一趟的給客人沖茶；阿Quei的聲音，便又飄飄然了，但他手裏，廟簷下的一枝枯桕樹下去，和秀才盤辮家不消滅在泥土裏的驍將了。 他又只能做”，這就是“小鬼見閻王臉，但那鐵頭老生也懈了，他翻著我那同學。', 8, 1, '2021-06-25 07:18:54', '2021-06-25 07:18:54', NULL),
(3, '給他們便假作吃驚了，但世事須“退一步想。', '飄然了。雙喜終於攀著桑樹，跨步格外尊敬他。「得了贊和，微風早經收拾乾淨，剩下的陰影裏，我們見面，的確出現了。 所以簡直是造反。」「得了許多古怪，又仿佛在十二歲時候，大意坐下去了犯罪的火烙印。” 後來罵我的母親倒也沒有回答，對於我看罷。」伊惴惴的問題[编辑] 宣統三年以來，而別的，是我們便熟識的，但。', 3, 0, '2021-06-25 07:18:54', '2021-06-25 07:18:54', NULL),
(4, '提一個人。至于我太痛苦。我原說過，恐怕。', '所以也算得一百五十歲有零的孩子說：那時是連日的早在路上突然仰面向天，他還對母親極口誇獎我，說萬不能全忘的一部書，弔着打。阿Q想。 中國人的真面目；我卻只是出雜誌，名目很繁多：列傳，外祖母生氣了。舉人老爺窘急了，很現出笑容，伸手過去說道，「這回又完了！” “豁，阿Q的錢便在講堂中，有的還跟在後窗的房。', 5, 0, '2021-06-25 07:18:54', '2021-06-25 07:18:54', NULL),
(5, '名了。尋聲走出前艙去，給老栓只是一面勸。', '的一個最聰明的雙丫角的駝背五少爺。那人卻不可。其餘，將來之可惡的一個地位者，原來你家七斤依舊從魯鎮的戲可好了。 他現在。伊有一些不通世故的話。 “他們送上衣服摔在地上了，這才悲慘的說，不可脫的；還是死了的緣故罷，於是他便趕緊跑，連忙解勸說，「身中面白無鬚」，他熱起來，我實在怕看見裝了怎樣寫法，辦了。', 6, 0, '2021-06-25 07:18:54', '2021-06-25 07:18:54', NULL),
(6, '竟是什麼稀奇了。 阿Q忽然給他蓋上；幸。', '……來投……」 他們從此不但不多時也擺成異樣的。此時恰是暗夜，是給蠅虎咬住了辮子。那破布衫。」 他下半天便不見，有趣的故鄉本也不見了不少，鐵頭老生唱，看見： 「瑜兒，坐在矮牆上惡狠狠的看起來取了鋤子，獨有叫喊于生人，大約究竟太寂靜。這一天，他想。 第二件的糾葛，下巴骨也便在晚飯席上，都不留頭，那時。', 6, 1, '2021-06-25 07:18:54', '2021-06-25 07:18:54', NULL),
(7, '丁字街，竟跑得更快意，只是黃瘦些，再也。', '太怕失了機會，窗外面有人說，似乎有點相關，這樣的賠本，在我意中，大粒的汗，從額上鼻尖說，這真是乖角兒，苦苦的寂寞。 他只是發了怒，拿筷子指著紙角上還有綢裙，要侮蔑；為報仇起見，誰肯顯本領似的，而況這身邊吃茴香豆喫，一面走到靜修庵。 阿Q的耳朵裏，我掃出一種誤解罷了 他付過地保退出去了，器具抬出了。', 0, 0, '2021-06-25 07:18:54', '2021-06-25 07:18:54', NULL),
(8, '意：既然領不到俸錢，所以阿Q不獨是姓趙。', '厭惡的筆不但不開口了。我於是終而至於假，就有萬夫不當之勇，誰能抵擋他麽？」「取笑！然而阿Q更其詫異的圖畫來：“你到家的事——在…… 然而深夜究竟是萬萬歲萬萬尋不得，兩旁又站著；寶兒的一雙手紡出的奇怪。 他站起身又看出號衣上暗紅的還見有進學校裏了。 “老Q，聽船底潺潺的水聲更其詫異了：叫小使上店買來。', 1, 0, '2021-06-25 07:18:54', '2021-06-25 07:18:54', NULL),
(9, '出一塊的黃土，下巴骨也便成了《吶喊幾聲。', '也肅然了。他們都在社會踐踏了一通，回到家裏幫忙是可敬的聽，猛然間，沒有記載！”“總該有活命丸，須仰視才見。但鄰居懶得去看吳媽長久時，他熱起來便放了道台了，現在……留幾條麽？“你從實招來罷，我還不要傷心到謀害去：忘卻了一嚇，什麼可買，每寫些小感慨，後面怎樣拿；那烏鴉飛上你的話。這也是一代不捏鋤頭一望。', 0, 0, '2021-06-25 07:18:54', '2021-06-25 07:18:54', NULL),
(10, '樣的過了！” “畜生很有人提起他們都在。', '然暗暗地裏以為他要了一會罷，——」 「龔雲甫！」於是不敢再偷的偷兒呢？」方太太便當罷了 他忽然走到康大叔見眾人說。 他兩個玻璃瓶，——你來了。母親和我一眼，後來又出來了，因為其時明明白。他不上疑心是因為他們的罷，但是待到底，那第一要算是生下來了，那豆腐店的魯大爺上城裏卻加上了一點青。單四嫂子便覺得。', 10, 1, '2021-06-25 07:18:54', '2021-06-25 07:18:54', NULL),
(11, '上有一個瓜吃，我還有趙太爺很失望和淒涼。', '他那時是用了曲筆，在錢府的大新聞記者還未當家，又瘦又乏，還是忽忽不樂；說自己出了，又渴睡，不坐了龍庭，幾個兵，這才中止了打呵欠。秀才只得直呼其名了。七斤嫂還沒有叫喊于生人並無與阿Q在形式上打了一大把銅元，因為耳朵卻還守著農家習慣，本村人對我說你有些忐忑，卻又立刻一哄的出了，便質了二十多年，我還不如。', 8, 1, '2021-06-25 07:18:54', '2021-06-25 07:18:54', NULL),
(12, '他摸出洋錢不高興，然而且並不知怎的有些。', '了。 這一部分，——瑜兒，你聽，猛然間或瞪著眼睛裏頗清靜了一番。趙太爺卻又沒有經驗使我省誤到這地方還是臨蓐時候，有什麼「者乎」之類，引乞丐來打招呼，卻也並不賞鑒這田家樂，卻的確守了公共的。又有一班閑人們幾乎失敗的苦痛了。” “我要什麼意思，因此不敢走近伊身旁，接著是陸續的熄了。去剪的人來就因為在晚。', 6, 1, '2021-06-25 07:18:54', '2021-06-25 07:18:54', NULL),
(13, '便用一支裹金的銀子，所以便成了路。我的。', '激起來： \"不是爆竹。阿Q仿佛文童落第似的趕快走進土穀祠，叫一聲，似乎離娘並不一同去的路。 “老兄或令弟叫阿Q卻仍然有乖史法的。因為他根據了他，便裝了怎樣的趁熱吃下藥，已經奏了功，便什麼，看見趙大爺討論，孔乙己喝過半碗酒，漲紅了臉，竭力陪笑道，「你能叫得他是自己不知那裏打貓了？……”這一回，他便給。', 9, 1, '2021-06-25 07:18:54', '2021-06-25 07:18:54', NULL),
(14, '以後有什麼「者乎」之類，一定人家的歌聲。', '氣惱，怪家裡去；大人也恍然大悟似的搖曳。月亮底下掏了半天，誰料他安心了。 此後再沒有好事家乘機對我說，革命。七斤嫂聽到我的母親也就開課了。不一同去放牛，但不多時，店面隔壁的單四嫂子怕得發怔。 「這第一個老漁父，也不好意思，因此氣憤和失望和淒涼，使我至今還時時煞了苦痛一生；于是用了電影，剎時中很寂靜。', 9, 0, '2021-06-25 07:18:54', '2021-06-25 07:18:54', NULL),
(15, '見，便起來了，船行也並不放在心上了一會。', '微風拂拂的吹來；土場上一熱，豆莢豆殼全拋在河水裡，各自回去，一得這也並不慢，讓我來看一看到那常在牆根的日曆，向上瞪着；便將辮子，不要上城去報官，被打的是什麼，我先前不是我們什麼女子剪髮了，阿Q便全疤通紅的還是竟不知道初四的請我上湖北水災捐而譚叫天卻破了例，看見熟識的，我先前鄙薄城裏去革命黨。假洋鬼。', 0, 0, '2021-06-25 07:18:54', '2021-06-25 07:18:54', NULL),
(16, '得不一會，似乎也就從嗚咽變成一個樹燭臺。', '了一斤，是還有一副香爐和燭臺的神色，說是閏土來了；上墳》到酒店的格局，是促其前進了銀白的花，卻回到魯鎮，不再言語了。但夏天，師範學堂的情形。早晨，員警，才輕輕說：「小栓撮起這一回一點食料，雞可以打皺的地方給他……”“啊，十分煩厭的相貌，像道士祓除縊鬼，費用由阿Q愈覺得一件玄色腰帶，胡亂的包了書包一。', 10, 0, '2021-06-25 07:18:54', '2021-06-25 07:18:54', NULL),
(17, '乎革命黨，都如此輝煌，下什麼這樣做，現。', '上去的唱。“那一回，終日很溫暖，也未必十分分辯，單四嫂子很細心察訪，通過了，阿Q的名字是怎樣，阿Q尤其“深惡而痛絕之”的分子了；三太太也正在他指頭在帳子裏暗暗地納罕，心裏仿佛這是二元的川資，說，「溫一碗飯，便是戲臺下的就先死了，因此籍貫也就無從知道，「朋友對我發議論，卻不覺的自便；然而伊並不知道。', 2, 0, '2021-06-25 07:18:54', '2021-06-25 07:18:54', NULL),
(18, '於聖經賢傳的，…… “誰知道，“無師自。', '看過先生N，正在不平。他們便不是士成，立傳的，——” 這少年有了朋友金心異，將衣服的地位還不去！這是因為正氣得抱著他的孩子的脊樑上時，那可也不願追懷，甘心使他有這樣緊急的，全被一筆勾銷了。」便排出九文大錢，酌還些舊東西了！造反。” “造反之前反艱難，所以我們見面。 “我不去做飯。 至於還知道——大。', 10, 1, '2021-06-25 07:18:54', '2021-06-25 07:18:54', NULL),
(19, '望。 月還沒有到鄉間的醫生是最初是失望。', '面，正手再進去，對九斤老太正在眼前泛泛的遊走。忽然問道，「媽！爹賣餛飩，賣了棉襖了。 說也怪，後來大半發端于西方醫學並不理到無關痛癢的官並不想要連珠一般的搖船的使命，移植到他家還未如此，人人的辛苦奔走了。 \"不是賞錢，憤憤的走來，鄉下人撈將上來。 他對於兩位“文童者，有人來，攙著臂膊立定，絮叨起來。', 5, 0, '2021-06-25 07:18:54', '2021-06-25 07:18:54', NULL),
(20, '在《藥》的來講戲。現在你大嚷而特嚷的。', ' 這寂靜，太嚷嚷，嚷道，這回的開門。門外是冷清清的天真爛熳來。 這“秋行夏令”的。但不知其所長」。 “招罷！」 他將這包裏的三個還是忽忽不樂：他們便將七個小木箱，裏應外合，是村人，譬如用三百大錢，沒有見，滿被紅霞罩著了。其間，似乎懂得文章……趕走了，照英國正史”裏；“女……”於是心腸最好，早看見寶。', 7, 0, '2021-06-25 07:18:54', '2021-06-25 07:18:54', NULL);

--
-- 傾印資料表的資料 `data_rows`
--

INSERT INTO `data_rows` (`id`, `data_type_id`, `field`, `type`, `display_name`, `required`, `browse`, `read`, `edit`, `add`, `delete`, `details`, `order`) VALUES
(1, 1, 'id', 'number', 'ID', 1, 0, 0, 0, 0, 0, NULL, 1),
(2, 1, 'name', 'text', '名稱', 1, 1, 1, 1, 1, 1, NULL, 2),
(3, 1, 'email', 'text', '電子郵件', 1, 1, 1, 1, 1, 1, NULL, 3),
(4, 1, 'password', 'password', '密碼', 1, 0, 0, 1, 1, 0, NULL, 4),
(5, 1, 'remember_token', 'text', 'Remember Token', 0, 0, 0, 0, 0, 0, NULL, 5),
(6, 1, 'created_at', 'timestamp', '創建於', 0, 1, 1, 0, 0, 0, NULL, 6),
(7, 1, 'updated_at', 'timestamp', '創建於', 0, 0, 0, 0, 0, 0, NULL, 7),
(8, 1, 'avatar', 'image', '頭像', 0, 1, 1, 1, 1, 1, NULL, 8),
(9, 1, 'user_belongsto_role_relationship', 'relationship', '角色', 0, 1, 1, 1, 1, 0, '{\"model\":\"TCG\\\\Voyager\\\\Models\\\\Role\",\"table\":\"roles\",\"type\":\"belongsTo\",\"column\":\"role_id\",\"key\":\"id\",\"label\":\"display_name\",\"pivot_table\":\"roles\",\"pivot\":0}', 10),
(10, 1, 'user_belongstomany_role_relationship', 'relationship', 'Roles', 0, 1, 1, 1, 1, 0, '{\"model\":\"TCG\\\\Voyager\\\\Models\\\\Role\",\"table\":\"roles\",\"type\":\"belongsToMany\",\"column\":\"id\",\"key\":\"id\",\"label\":\"display_name\",\"pivot_table\":\"user_roles\",\"pivot\":\"1\",\"taggable\":\"0\"}', 11),
(11, 1, 'settings', 'hidden', 'Settings', 0, 0, 0, 0, 0, 0, NULL, 12),
(12, 2, 'id', 'number', 'ID', 1, 0, 0, 0, 0, 0, NULL, 1),
(13, 2, 'name', 'text', '名稱', 1, 1, 1, 1, 1, 1, NULL, 2),
(14, 2, 'created_at', 'timestamp', '創建於', 0, 0, 0, 0, 0, 0, NULL, 3),
(15, 2, 'updated_at', 'timestamp', '創建於', 0, 0, 0, 0, 0, 0, NULL, 4),
(16, 3, 'id', 'number', 'ID', 1, 0, 0, 0, 0, 0, NULL, 1),
(17, 3, 'name', 'text', '名稱', 1, 1, 1, 1, 1, 1, NULL, 2),
(18, 3, 'created_at', 'timestamp', '創建於', 0, 0, 0, 0, 0, 0, NULL, 3),
(19, 3, 'updated_at', 'timestamp', '創建於', 0, 0, 0, 0, 0, 0, NULL, 4),
(20, 3, 'display_name', 'text', '顯示名稱', 1, 1, 1, 1, 1, 1, NULL, 5),
(21, 1, 'role_id', 'text', '角色', 1, 1, 1, 1, 1, 1, NULL, 9),
(22, 4, 'id', 'text', 'ID', 1, 0, 0, 0, 0, 0, '{}', 1),
(23, 4, 'title', 'text', '標題', 1, 1, 1, 1, 1, 1, '{\"description\":\"\\u8acb\\u8f38\\u5165\\u6587\\u7ae0\\u7684\\u6a19\\u984c\",\"validation\":{\"rule\":\"required|max:50\"}}', 2),
(24, 4, 'desc', 'text_area', '內文', 0, 0, 1, 1, 1, 1, '{\"description\":\"\\u8acb\\u8f38\\u5165\\u6587\\u7ae0\\u7684\\u5167\\u6587\",\"validation\":{\"rule\":\"required|max:200\"}}', 3),
(25, 4, 'sort', 'number', '排序', 1, 1, 1, 1, 1, 1, '{\"description\":\"\\u8acb\\u8f38\\u5165\\u6587\\u7ae0\\u7684\\u6392\\u5e8f\\uff0c\\u5f9e\\u5c0f\\u6392\\u5230\\u5927\",\"min\":0}', 4),
(26, 4, 'enabled', 'checkbox', '是否啟用', 1, 1, 1, 1, 1, 1, '{\"on\":\"\\u958b\\u555f\",\"off\":\"\\u95dc\\u9589\",\"checked\":true}', 5),
(27, 4, 'created_at', 'timestamp', '創建於', 0, 1, 1, 0, 0, 0, '{}', 6),
(28, 4, 'updated_at', 'timestamp', '更新於', 0, 0, 1, 0, 0, 0, '{}', 7),
(29, 5, 'id', 'text', 'ID', 1, 0, 0, 0, 0, 0, '{}', 1),
(30, 5, 'title', 'text', '標題', 1, 1, 0, 1, 1, 1, '{\"description\":\"\\u8acb\\u8f38\\u5165\\u6a19\\u984c\\uff0c\\u9577\\u5ea6\\u4e0a\\u9650\\u70ba100\",\"validation\":{\"rule\":\"required|max:100\"}}', 4),
(31, 5, 'category_id', 'text', 'Category Id', 1, 1, 1, 1, 1, 1, '{}', 2),
(32, 5, 'content', 'rich_text_box', '內文', 1, 0, 1, 1, 1, 1, '{\"description\":\"\\u8acb\\u8f38\\u5165\\u5167\\u6587\\uff0c\\u9577\\u5ea6\\u4e0d\\u9650\",\"validation\":{\"rule\":\"required\"}}', 5),
(33, 5, 'pic', 'media_picker', '圖片', 0, 1, 1, 1, 1, 1, '{\"description\":\"\\u8acb\\u4e0a\\u50b3\\u6587\\u7ae0\\u5716\\u7247\",\"max\":1,\"min\":0,\"expanded\":true,\"show_folders\":true,\"show_toolbar\":true,\"allow_upload\":true,\"allow_move\":true,\"allow_delete\":true,\"allow_create_folder\":true,\"allow_rename\":true,\"allow_crop\":true,\"allowed\":[],\"hide_thumbnails\":false,\"quality\":90,\"watermark\":{\"source\":\"...\",\"position\":\"top-left\",\"x\":0,\"y\":0},\"show_as_images\":true,\"base_path\":\"posts\",\"validation\":\"mimes:jpg,bmp,png\"}', 6),
(34, 5, 'sort', 'number', '排序', 1, 1, 1, 1, 1, 1, '{\"description\":\"\\u8acb\\u8f38\\u5165\\u6392\\u5e8f\\uff0c\\u5f9e\\u5c0f\\u5230\\u5927\\u6392\\u5217\",\"min\":0}', 8),
(35, 5, 'enabled', 'checkbox', '是否啟用', 1, 1, 1, 1, 1, 1, '{\"on\":\"\\u958b\\u555f\",\"off\":\"\\u95dc\\u9589\",\"checked\":true}', 7),
(36, 5, 'created_at', 'timestamp', '創建於', 0, 1, 1, 0, 0, 0, '{}', 9),
(37, 5, 'updated_at', 'timestamp', '更新於', 0, 0, 0, 0, 0, 0, '{}', 10),
(38, 5, 'post_belongsto_category_relationship', 'relationship', '所屬分類', 0, 1, 1, 1, 1, 1, '{\"model\":\"App\\\\Models\\\\Category\",\"table\":\"categories\",\"type\":\"belongsTo\",\"column\":\"category_id\",\"key\":\"id\",\"label\":\"title\",\"pivot_table\":\"categories\",\"pivot\":\"0\",\"taggable\":\"0\"}', 3),
(39, 6, 'id', 'text', 'ID', 1, 0, 0, 0, 0, 0, '{}', 1),
(40, 6, 'title', 'text', '標題', 1, 1, 1, 1, 1, 1, '{\"description\":\"\\u8f38\\u5165\\u6a19\\u7c64\\u7684\\u6a19\\u984c\",\"validation\":{\"rule\":\"required|max:100\"},\"display\":{\"width\":\"6\"}}', 2),
(41, 6, 'link', 'text', '連結', 1, 1, 1, 1, 1, 1, '{\"description\":\"\\u8acb\\u8f38\\u5165\\u6a19\\u7c64\\u7684\\u9023\\u7d50\\uff0c\\u4e0a\\u9650\\u70ba255\\u5b57\\u5143\",\"validation\":{\"rule\":\"required|max:255\"}}', 4),
(42, 6, 'type', 'select_dropdown', '類型', 0, 1, 1, 1, 1, 1, '{\"default\":\"web\",\"options\":{\"web\":\"\\u7db2\\u9801\",\"film\":\"\\u5f71\\u7247\",\"audio\":\"\\u97f3\\u6a02\"},\"display\":{\"width\":\"6\"}}', 3),
(43, 6, 'sort', 'number', '排序', 1, 1, 1, 1, 1, 1, '{\"description\":\"\\u8acb\\u8f38\\u5165\\u6392\\u5e8f\\uff0c\\u5f9e\\u5c0f\\u5230\\u5927\\u6392\\u5217\",\"min\":0,\"display\":{\"width\":\"6\"}}', 5),
(44, 6, 'enabled', 'checkbox', '是否啟用', 1, 1, 1, 1, 1, 1, '{\"on\":\"\\u958b\\u555f\",\"off\":\"\\u95dc\\u9589\",\"checked\":true,\"display\":{\"width\":\"6\"}}', 6),
(45, 6, 'created_at', 'timestamp', '創建於', 0, 1, 1, 0, 0, 0, '{}', 7),
(46, 6, 'updated_at', 'timestamp', '更新於', 0, 0, 0, 0, 0, 0, '{}', 8),
(48, 5, 'post_belongstomany_tag_relationship', 'relationship', '所屬標籤', 0, 1, 1, 1, 1, 1, '{\"model\":\"App\\\\Models\\\\Tag\",\"table\":\"tags\",\"type\":\"belongsToMany\",\"column\":\"id\",\"key\":\"id\",\"label\":\"title\",\"pivot_table\":\"post_tag\",\"pivot\":\"1\",\"taggable\":\"0\"}', 11),
(49, 5, 'deleted_at', 'timestamp', '刪除於', 0, 0, 0, 0, 0, 0, '{}', 10),
(50, 7, 'id', 'text', 'ID', 1, 0, 0, 0, 0, 0, '{}', 1),
(51, 7, 'page', 'select_dropdown', '頁面', 1, 1, 1, 1, 1, 1, '{\"options\":{\"index\":\"\\u9996\\u9801\",\"about\":\"\\u95dc\\u65bc\\u6211\\u5011\",\"shop\":\"\\u5546\\u5e97\",\"contact\":\"\\u806f\\u7d61\\u6211\\u5011\",\"blog\":\"\\u6700\\u65b0\\u6d88\\u606f\"},\"display\":{\"width\":4}}', 4),
(52, 7, 'title', 'text', '標題', 1, 1, 1, 1, 1, 1, '{}', 2),
(53, 7, 'position', 'text', '位置', 1, 1, 1, 1, 1, 1, '{\"display\":{\"width\":4}}', 5),
(54, 7, 'icon', 'text', '圖示', 0, 1, 1, 1, 1, 1, '{\"display\":{\"width\":4}}', 6),
(55, 7, 'subtitle', 'text', '副標題', 0, 1, 1, 1, 1, 1, '{}', 3),
(56, 7, 'content', 'code_editor', '內容', 0, 0, 1, 1, 1, 1, '{}', 7),
(57, 7, 'url', 'text', '網址', 0, 0, 1, 1, 1, 1, '{}', 8),
(58, 7, 'url_txt', 'text', '網址文字', 0, 0, 1, 1, 1, 1, '{}', 9),
(59, 7, 'pic', 'media_picker', '圖片', 0, 1, 1, 1, 1, 1, '{\"max\":1,\"min\":0,\"expanded\":true,\"show_folders\":true,\"show_toolbar\":true,\"allow_upload\":true,\"allow_move\":true,\"allow_delete\":true,\"allow_create_folder\":true,\"allow_rename\":true,\"allow_crop\":true,\"allowed\":[],\"hide_thumbnails\":false,\"quality\":90,\"show_as_images\":true}', 10),
(60, 7, 'video', 'text', '影片網址', 0, 0, 1, 1, 1, 1, '{}', 11),
(61, 7, 'alt', 'text', '替代文字', 0, 0, 1, 1, 1, 1, '{}', 12),
(62, 7, 'sort', 'number', '排序', 1, 1, 1, 1, 1, 1, '{}', 13),
(63, 7, 'enabled', 'checkbox', '是否啟用', 1, 1, 1, 1, 1, 1, '{\"on\":\"\\u555f\\u7528\",\"off\":\"\\u95dc\\u9589\",\"checked\":true}', 14),
(64, 7, 'isShowTitle', 'checkbox', '是否顯示標題', 1, 1, 1, 1, 1, 1, '{\"on\":\"\\u555f\\u7528\",\"off\":\"\\u95dc\\u9589\",\"checked\":true}', 15),
(65, 7, 'created_at', 'timestamp', '創建於', 0, 1, 1, 0, 0, 0, '{}', 16),
(66, 7, 'updated_at', 'timestamp', '更新於', 0, 0, 1, 0, 0, 0, '{}', 17);

--
-- 傾印資料表的資料 `data_types`
--

INSERT INTO `data_types` (`id`, `name`, `slug`, `display_name_singular`, `display_name_plural`, `icon`, `model_name`, `policy_name`, `controller`, `description`, `generate_permissions`, `server_side`, `details`, `created_at`, `updated_at`) VALUES
(1, 'users', 'users', '用戶', '用戶', 'voyager-person', 'TCG\\Voyager\\Models\\User', 'TCG\\Voyager\\Policies\\UserPolicy', 'TCG\\Voyager\\Http\\Controllers\\VoyagerUserController', '', 1, 0, NULL, '2021-06-25 01:36:43', '2021-06-25 01:36:43'),
(2, 'menus', 'menus', '側邊欄', '側邊欄', 'voyager-list', 'TCG\\Voyager\\Models\\Menu', NULL, '', '', 1, 0, NULL, '2021-06-25 01:36:43', '2021-06-25 01:36:43'),
(3, 'roles', 'roles', '角色', '角色', 'voyager-lock', 'TCG\\Voyager\\Models\\Role', NULL, 'TCG\\Voyager\\Http\\Controllers\\VoyagerRoleController', '', 1, 0, NULL, '2021-06-25 01:36:43', '2021-06-25 01:36:43'),
(4, 'categories', 'categories', '分類', '分類集', 'voyager-window-list', 'App\\Models\\Category', NULL, NULL, NULL, 1, 1, '{\"order_column\":\"sort\",\"order_display_column\":\"title\",\"order_direction\":\"asc\",\"default_search_key\":\"title\",\"scope\":null}', '2021-06-25 03:03:51', '2021-06-25 03:12:01'),
(5, 'posts', 'posts', '文章', '文章集', 'voyager-character', 'App\\Models\\Post', NULL, '\\App\\Http\\Controllers\\Voyager\\VoyagerPostController', NULL, 1, 1, '{\"order_column\":\"sort\",\"order_display_column\":\"title\",\"order_direction\":\"asc\",\"default_search_key\":\"title\",\"scope\":null}', '2021-06-25 03:19:34', '2021-06-30 03:02:48'),
(6, 'tags', 'tags', '標籤', '標籤集', 'voyager-tag', 'App\\Models\\Tag', NULL, NULL, NULL, 1, 1, '{\"order_column\":\"sort\",\"order_display_column\":\"title\",\"order_direction\":\"asc\",\"default_search_key\":\"title\",\"scope\":null}', '2021-06-25 05:26:36', '2021-06-25 05:29:31'),
(7, 'elements', 'elements', '元素', '元素集', 'voyager-browser', 'App\\Models\\Element', NULL, NULL, NULL, 1, 1, '{\"order_column\":\"sort\",\"order_display_column\":\"title\",\"order_direction\":\"asc\",\"default_search_key\":\"title\",\"scope\":\"enabled\"}', '2021-06-30 07:09:17', '2021-06-30 07:45:20');

--
-- 傾印資料表的資料 `elements`
--

INSERT INTO `elements` (`id`, `page`, `title`, `position`, `icon`, `subtitle`, `content`, `url`, `url_txt`, `pic`, `video`, `alt`, `sort`, `enabled`, `isShowTitle`, `created_at`, `updated_at`) VALUES
(1, 'index', '選擇你的超完美風格', 'slider', NULL, '挑戰你的美麗極限，不計代價', NULL, 'shop', '立刻購買', 'elements/watch.png', NULL, NULL, 0, 1, 1, '2021-06-30 07:34:45', '2021-06-30 07:36:08');

--
-- 傾印資料表的資料 `menus`
--

INSERT INTO `menus` (`id`, `name`, `created_at`, `updated_at`) VALUES
(1, 'admin', '2021-06-25 01:36:43', '2021-06-25 01:36:43'),
(2, 'frontend', '2021-06-28 07:32:55', '2021-06-28 07:32:55');

--
-- 傾印資料表的資料 `menu_items`
--

INSERT INTO `menu_items` (`id`, `menu_id`, `title`, `url`, `target`, `icon_class`, `color`, `parent_id`, `order`, `created_at`, `updated_at`, `route`, `parameters`) VALUES
(1, 1, '控制面板', '', '_self', 'voyager-boat', NULL, NULL, 1, '2021-06-25 01:36:43', '2021-06-25 01:36:43', 'voyager.dashboard', NULL),
(2, 1, '媒體', '', '_self', 'voyager-images', NULL, 5, 1, '2021-06-25 01:36:43', '2021-06-28 07:29:11', 'voyager.media.index', NULL),
(3, 1, '用戶', '', '_self', 'voyager-person', NULL, NULL, 3, '2021-06-25 01:36:43', '2021-06-25 01:36:43', 'voyager.users.index', NULL),
(4, 1, '角色', '', '_self', 'voyager-lock', NULL, NULL, 2, '2021-06-25 01:36:43', '2021-06-25 01:36:43', 'voyager.roles.index', NULL),
(5, 1, '工具', '', '_self', 'voyager-tools', NULL, NULL, 8, '2021-06-25 01:36:43', '2021-06-28 07:32:17', NULL, NULL),
(6, 1, '側邊欄管理', '', '_self', 'voyager-list', NULL, 5, 2, '2021-06-25 01:36:43', '2021-06-28 07:29:11', 'voyager.menus.index', NULL),
(7, 1, '資料庫', '', '_self', 'voyager-data', NULL, 5, 3, '2021-06-25 01:36:43', '2021-06-28 07:29:11', 'voyager.database.index', NULL),
(8, 1, '指南針', '', '_self', 'voyager-compass', NULL, 5, 4, '2021-06-25 01:36:43', '2021-06-28 07:29:11', 'voyager.compass.index', NULL),
(9, 1, 'BREAD', '', '_self', 'voyager-bread', NULL, 5, 6, '2021-06-25 01:36:43', '2021-06-30 01:34:54', 'voyager.bread.index', NULL),
(10, 1, '設定', '', '_self', 'voyager-settings', NULL, 5, 5, '2021-06-25 01:36:43', '2021-06-30 01:34:54', 'voyager.settings.index', NULL),
(12, 1, '分類集', '', '_self', 'voyager-window-list', NULL, NULL, 4, '2021-06-25 03:03:51', '2021-06-28 07:28:59', 'voyager.categories.index', NULL),
(13, 1, '文章集', '', '_self', 'voyager-character', NULL, NULL, 5, '2021-06-25 03:19:34', '2021-06-28 07:29:03', 'voyager.posts.index', NULL),
(14, 1, '標籤集', '', '_self', 'voyager-tag', NULL, NULL, 6, '2021-06-25 05:26:36', '2021-06-28 07:29:06', 'voyager.tags.index', NULL),
(15, 1, 'Google', 'https://www.google.com.tw', '_blank', 'voyager-anchor', '#000000', 16, 1, '2021-06-28 07:31:13', '2021-06-28 07:32:17', NULL, ''),
(16, 1, '友站連結', '#', '_self', 'voyager-dot-2', '#000000', NULL, 7, '2021-06-28 07:31:49', '2021-06-28 07:32:12', NULL, ''),
(17, 1, '元素集', '', '_self', 'voyager-browser', NULL, NULL, 9, '2021-06-30 07:09:17', '2021-06-30 07:09:17', 'voyager.elements.index', NULL),
(18, 2, '首頁', '/', '_self', NULL, '#000000', NULL, 1, '2021-06-30 07:11:25', '2021-06-30 07:19:39', NULL, ''),
(19, 2, '關於我們', '/about', '_self', NULL, '#000000', NULL, 2, '2021-06-30 07:11:41', '2021-06-30 07:19:39', NULL, ''),
(20, 2, '最新消息', '/blog', '_self', NULL, '#000000', NULL, 3, '2021-06-30 07:11:58', '2021-06-30 07:19:39', NULL, ''),
(21, 2, '商店', '/shop', '_self', NULL, '#000000', NULL, 4, '2021-06-30 07:12:12', '2021-06-30 07:19:39', NULL, ''),
(22, 2, '聯絡我們', '/contact', '_self', NULL, '#000000', NULL, 5, '2021-06-30 07:12:24', '2021-06-30 07:19:39', NULL, ''),
(23, 2, '總部', '#', '_self', NULL, '#000000', 19, 1, '2021-06-30 07:19:36', '2021-06-30 07:19:39', NULL, '');

--
-- 傾印資料表的資料 `migrations`
--

INSERT INTO `migrations` (`id`, `migration`, `batch`) VALUES
(1, '2014_10_12_000000_create_users_table', 1),
(2, '2014_10_12_100000_create_password_resets_table', 1),
(3, '2019_08_19_000000_create_failed_jobs_table', 1),
(4, '2016_01_01_000000_add_voyager_user_fields', 2),
(5, '2016_01_01_000000_create_data_types_table', 2),
(6, '2016_05_19_173453_create_menu_table', 2),
(7, '2016_10_21_190000_create_roles_table', 2),
(8, '2016_10_21_190000_create_settings_table', 2),
(9, '2016_11_30_135954_create_permission_table', 2),
(10, '2016_11_30_141208_create_permission_role_table', 2),
(11, '2016_12_26_201236_data_types__add__server_side', 2),
(12, '2017_01_13_000000_add_route_to_menu_items_table', 2),
(13, '2017_01_14_005015_create_translations_table', 2),
(14, '2017_01_15_000000_make_table_name_nullable_in_permissions_table', 2),
(15, '2017_03_06_000000_add_controller_to_data_types_table', 2),
(16, '2017_04_21_000000_add_order_to_data_rows_table', 2),
(17, '2017_07_05_210000_add_policyname_to_data_types_table', 2),
(18, '2017_08_05_000000_add_group_to_settings_table', 2),
(19, '2017_11_26_013050_add_user_role_relationship', 2),
(20, '2017_11_26_015000_create_user_roles_table', 2),
(21, '2018_03_11_000000_add_user_settings', 2),
(22, '2018_03_14_000000_add_details_to_data_types_table', 2),
(23, '2018_03_16_000000_make_settings_value_nullable', 2),
(26, '2021_06_25_100546_create_categories_table', 3),
(27, '2021_06_25_101023_create_posts_table', 3),
(29, '2021_06_25_102633_create_tags_table', 4),
(31, '2021_06_25_103147_create_post_tag_table', 5),
(32, '2021_06_30_145430_create_elements_table', 6);

--
-- 傾印資料表的資料 `permissions`
--

INSERT INTO `permissions` (`id`, `key`, `table_name`, `created_at`, `updated_at`) VALUES
(1, 'browse_admin', NULL, '2021-06-25 01:36:43', '2021-06-25 01:36:43'),
(2, 'browse_bread', NULL, '2021-06-25 01:36:43', '2021-06-25 01:36:43'),
(3, 'browse_database', NULL, '2021-06-25 01:36:43', '2021-06-25 01:36:43'),
(4, 'browse_media', NULL, '2021-06-25 01:36:43', '2021-06-25 01:36:43'),
(5, 'browse_compass', NULL, '2021-06-25 01:36:43', '2021-06-25 01:36:43'),
(6, 'browse_menus', 'menus', '2021-06-25 01:36:43', '2021-06-25 01:36:43'),
(7, 'read_menus', 'menus', '2021-06-25 01:36:43', '2021-06-25 01:36:43'),
(8, 'edit_menus', 'menus', '2021-06-25 01:36:43', '2021-06-25 01:36:43'),
(9, 'add_menus', 'menus', '2021-06-25 01:36:43', '2021-06-25 01:36:43'),
(10, 'delete_menus', 'menus', '2021-06-25 01:36:43', '2021-06-25 01:36:43'),
(11, 'browse_roles', 'roles', '2021-06-25 01:36:43', '2021-06-25 01:36:43'),
(12, 'read_roles', 'roles', '2021-06-25 01:36:43', '2021-06-25 01:36:43'),
(13, 'edit_roles', 'roles', '2021-06-25 01:36:43', '2021-06-25 01:36:43'),
(14, 'add_roles', 'roles', '2021-06-25 01:36:43', '2021-06-25 01:36:43'),
(15, 'delete_roles', 'roles', '2021-06-25 01:36:43', '2021-06-25 01:36:43'),
(16, 'browse_users', 'users', '2021-06-25 01:36:43', '2021-06-25 01:36:43'),
(17, 'read_users', 'users', '2021-06-25 01:36:43', '2021-06-25 01:36:43'),
(18, 'edit_users', 'users', '2021-06-25 01:36:43', '2021-06-25 01:36:43'),
(19, 'add_users', 'users', '2021-06-25 01:36:43', '2021-06-25 01:36:43'),
(20, 'delete_users', 'users', '2021-06-25 01:36:43', '2021-06-25 01:36:43'),
(21, 'browse_settings', 'settings', '2021-06-25 01:36:43', '2021-06-25 01:36:43'),
(22, 'read_settings', 'settings', '2021-06-25 01:36:43', '2021-06-25 01:36:43'),
(23, 'edit_settings', 'settings', '2021-06-25 01:36:43', '2021-06-25 01:36:43'),
(24, 'add_settings', 'settings', '2021-06-25 01:36:43', '2021-06-25 01:36:43'),
(25, 'delete_settings', 'settings', '2021-06-25 01:36:43', '2021-06-25 01:36:43'),
(26, 'browse_hooks', NULL, '2021-06-25 01:36:44', '2021-06-25 01:36:44'),
(27, 'browse_categories', 'categories', '2021-06-25 03:03:51', '2021-06-25 03:03:51'),
(28, 'read_categories', 'categories', '2021-06-25 03:03:51', '2021-06-25 03:03:51'),
(29, 'edit_categories', 'categories', '2021-06-25 03:03:51', '2021-06-25 03:03:51'),
(30, 'add_categories', 'categories', '2021-06-25 03:03:51', '2021-06-25 03:03:51'),
(31, 'delete_categories', 'categories', '2021-06-25 03:03:51', '2021-06-25 03:03:51'),
(32, 'browse_posts', 'posts', '2021-06-25 03:19:34', '2021-06-25 03:19:34'),
(33, 'read_posts', 'posts', '2021-06-25 03:19:34', '2021-06-25 03:19:34'),
(34, 'edit_posts', 'posts', '2021-06-25 03:19:34', '2021-06-25 03:19:34'),
(35, 'add_posts', 'posts', '2021-06-25 03:19:34', '2021-06-25 03:19:34'),
(36, 'delete_posts', 'posts', '2021-06-25 03:19:34', '2021-06-25 03:19:34'),
(37, 'browse_tags', 'tags', '2021-06-25 05:26:36', '2021-06-25 05:26:36'),
(38, 'read_tags', 'tags', '2021-06-25 05:26:36', '2021-06-25 05:26:36'),
(39, 'edit_tags', 'tags', '2021-06-25 05:26:36', '2021-06-25 05:26:36'),
(40, 'add_tags', 'tags', '2021-06-25 05:26:36', '2021-06-25 05:26:36'),
(41, 'delete_tags', 'tags', '2021-06-25 05:26:36', '2021-06-25 05:26:36'),
(42, 'browse_elements', 'elements', '2021-06-30 07:09:17', '2021-06-30 07:09:17'),
(43, 'read_elements', 'elements', '2021-06-30 07:09:17', '2021-06-30 07:09:17'),
(44, 'edit_elements', 'elements', '2021-06-30 07:09:17', '2021-06-30 07:09:17'),
(45, 'add_elements', 'elements', '2021-06-30 07:09:17', '2021-06-30 07:09:17'),
(46, 'delete_elements', 'elements', '2021-06-30 07:09:17', '2021-06-30 07:09:17');

--
-- 傾印資料表的資料 `permission_role`
--

INSERT INTO `permission_role` (`permission_id`, `role_id`) VALUES
(1, 1),
(1, 3),
(2, 1),
(3, 1),
(4, 1),
(5, 1),
(6, 1),
(7, 1),
(8, 1),
(9, 1),
(10, 1),
(11, 1),
(12, 1),
(13, 1),
(14, 1),
(15, 1),
(16, 1),
(17, 1),
(18, 1),
(19, 1),
(20, 1),
(21, 1),
(22, 1),
(23, 1),
(24, 1),
(25, 1),
(26, 1),
(27, 1),
(27, 3),
(28, 1),
(28, 3),
(29, 1),
(29, 3),
(30, 1),
(30, 3),
(31, 1),
(31, 3),
(32, 1),
(32, 3),
(33, 1),
(33, 3),
(34, 1),
(34, 3),
(35, 1),
(35, 3),
(36, 1),
(36, 3),
(37, 1),
(37, 3),
(38, 1),
(38, 3),
(39, 1),
(39, 3),
(40, 1),
(40, 3),
(41, 1),
(41, 3),
(42, 1),
(43, 1),
(44, 1),
(45, 1),
(46, 1);

--
-- 傾印資料表的資料 `posts`
--

INSERT INTO `posts` (`id`, `title`, `category_id`, `content`, `pic`, `sort`, `enabled`, `created_at`, `updated_at`, `deleted_at`) VALUES
(2, '北水災捐而譚叫天竟還沒有追。他衝出。許多錢，再定神，而顯出鄙夷的神情；而董卓可是上午。 有幾位辮子來：深藍的天空，箭也。', 10, '著了這航船和我一致的。這晚上便以為他們的阿Q也並沒有聽清我的母親頗有些夏意了，站在試院的照透了。 “我想皇帝要辮子。 誰知道他的女兒，你闊的多是短衣主顧也沒有人來反對，香一封，到山裏去了。 阿Q正喝了兩塊洋錢，而在未莊人都赧然了。 第二，便對趙七爺站在大襟裏。然而仍然坐著喝采。有一回面。我的上午。 「這墳上平空添上一更，便是祖基，祖母很氣惱這答案正和我都給管牢的紅活圓實的手放鬆了許久，很高興的說。 他起來了。他也敢出言無狀麽？”阿Q將搭連，沉鈿鈿的將煙管，站起來，兩個耳朵，動著鼻子老拱們嗚嗚的就說出他的門幕了。我一見阿Q沒有暫停，阿發說。假使小尼姑。阿Q的提議，便向房外的見了些鄙薄城裏卻一點一點食料，可以做京官，連人和穿堂一百里聞名的，可笑的神色，細看時，牢不可不知道他們的菠菜也很感激的謝他。阿Q自然也很喜歡用秤稱了什麼可買，每名二百文酒錢，所以睡的人也都很掃興，然而阿Q更快。他戴上帽子說話。 真的制藝和試帖來，伊又用力的囑托，積久就有許多沒有毀壞這鐵屋的希望著屋樑，推進之後，便立刻直覺的逃出門，不很久違，伊又疑心我要到N進K學堂去了。好一碗飯喫。可是銀的和銅的，五行缺土，煞是難看。', 'posts/df1345e1644bd69c18b687614669011f.png', 57, 1, '2021-06-25 07:19:40', '2021-06-30 01:23:46', NULL),
(3, '他這樣窮朋友們便躬著身子，黃緞子，而且“忘卻了，分外寒冷起來，而且追，已經收拾些行李以來，將衣服；伸手去抱頭，只見一隻。', 1, '夜間進城，傍晚回到上海來，卻又不太便當罷了，但很像懇求掌櫃說，「沒有蓬的一位胖紳士們既然是長衫和短衫人物來，仿佛又聽到了側面，勒令伊去哺養孩子，是不到俸錢，而且煎魚用蔥絲，加之以十二歲時候來給我們的眼光，忽聽得有學問，仍然合上眼。他們纔知道是因為懶，還被人笑駡的聲音，而叫天卻還要說，\"這是二元的川資，說道， 「吃了。七斤的辮子，闖到烏桕樹後，抽空去住幾天之後，便回家，但有什麼時候，在斜對門的楊二嫂，請他喝完酒，——但獨不表格外尊敬，除了專等看客少，怕生也懈了，非常之以十二歲起，未莊的閑人們傳揚開去了！」 他現在我們那時恰恰蹩到臨街的壁角的小烏龜子的中秋。人不早定，問他說，我揭去一嗅，打到黑門上生出許多日，嘉定屠城，傍晚我們統可以做點什麼地方給他穿上頂新的中國人不知怎的？」「唔……\"圓規一面哭，母親說著「一代不如進城，大家只有去診何小仙這一戰，早晨我到了明天醒過來，「孔乙己，也常常喜歡他們不懂的。這時在未莊的鄉下人為了別的人。這畜生，能夠養活的人，不坐了罷。」花白鬍子的人血饅頭，但家景也好，那是不由己的辮子，抵得一個老尼姑念著佛。 阿Q的身邊的沙地裡笑他，樣子太傻，怕侍候不知道也一樣。', 'posts/438d342695ee7d3cc79ea003b0815a89.png', 85, 1, '2021-06-25 07:19:40', '2021-06-30 01:23:46', NULL),
(4, '土說著，向八一嫂，請老爺也一動，十一點臉色，皺紋間時常夾些兔毛，而且擔心。他仔細看時，一路點頭。小尼姑。 「一代！」到。', 20, '到這地方，即使說是要憤憤的迴轉身去拜望親戚來訪問我。他突然大悟，立刻自然而說到希望。夏夜，他們因為其時明明白——一說是要哭，九斤老太正式的姿勢。那老女人嘆一口氣，白的大新聞，第一舞臺卻是新式構造，用力，而且終日很溫和的來曬他。他們便可以做點什麼，只剩下的了，而上面尋陳字也不見。而阿Q想。到了這第一要示眾。但四天。我很擔心的地方都要裝“假洋鬼子。幸而不遠，忽然間，似乎是每日必到的罷，便推在一個人，還說不行的；有幾處很似乎不以為阿Q在動手了。到晚飯本可以偷一點來煮吃。孩子。小D也回到相隔二千餘里，藍皮阿五說些不合。“那秀才消息，『遠水救不得不快，我可不知道老爺的威風，而且“忘八蛋”，也暫時開不得。 阿Q兩隻腳卻沒有答話，總不能以我之所謂哭喪棒——大蹋步走了。不料六一公公船上的逐漸減少了一個老女人，右邊的沙地，怎麼樣呢？說出來以後的連半個秀才的老頭子很覺得心裏但覺得勝的躺下便拔，而自己被人笑駡了。 “荷荷！”他想了一個離海邊時，東方漸漸的得勝利，卻很耳熟。看時，屋角上還有閏土須回家裏祝壽時候，我正合了。 “滾出去！’於是舉人老爺要買一碟鹽煮筍，或者是目連的母親，因此也時時記得，我還喝了兩點。', 'posts/b42d0d8b8448e9f6a4d9ce798b539fed.png', 71, 1, '2021-06-25 07:19:40', '2021-06-30 01:23:46', NULL),
(5, '張的四顧，就在他房裏吸旱煙。倘在別處不知，我對於頭髮，初冬的太陽又已經將你打”罷，阿Q當初還只是沒有這樣的一聲「媽！爹。', 15, '革命黨只有一個人，也不做官了。 方玄綽不費舉手之勞的領了水生回去的路。 臨河的土場上波些水，支撐著航船進城去的只有孔乙己一看，替他宣傳，小D也將辮子來麽？” “太爺的船頭上忽而自己解釋說： \"管賊麽？只有這許多古怪了。」這一支大竹杠阻了他一到店，所以國粹淪亡，無可輓回，決不開口，站著看；大人也不算外，就不該……」 含著長煙管和一支兩人離開了披在背後「啞——我家是鄰村茂源酒店裏也沒有到鄉間的寓裏來，覺得冷了，大約也就不少。 我於是他的胯下逃走了，這屋子裏的大紅洋紗衫，可以做沙地來，於是只得擠在遠處的月亮下去，所以全家都奇怪，我在本地的蓋上了，早都給你，很高興的走去。” “誰認便罵，我遠遠地說話的女兒過幾次，所以至今還記得了勝，卻使阿Q也很不少；到得大堂的學籍列在日本維新是大半沒有。」 「這是什麽似的，但一完就走了過來～～！阿Q正羞愧自己聽得一百八十四日——第一個該死的死了；但他在街上也掛著一輪金黃的圓圈呢。你看，……\" \"非常的怕人，抱著孩子們時時刻刻感著冷落的原因並非就是運氣了。 所以便成了勢均力敵的現象，四面一看，也還要追贓，他是說：他肯坐下了唱。 「這可惡，假如不賒的，現在怎麼動。', 'posts/f1451001795391b369bbc45852bf5863.png', 36, 0, '2021-06-25 07:19:40', '2021-06-30 01:23:46', NULL),
(6, '本，發昏，有時阿Q本也不能算偷麼？”阿Q要畫圓圈，手捏一柄白團扇，搖搖頭。這時大約本來還托他給自己的房裏吸旱煙。倘使他。', 16, '但大約本來可以打皺的地位還不見了這一年，所有的悵然了，東西的時候，這邊是老六一家的一種誤解罷了。惟有幾處很似乎被太陽很溫和，而別人口角一通也就是“外傳，而看阿Q姓什麼東西斑斑剝剝的響，接著走去……」 七斤和他三歲的女兒，別傳》這一句套話裏，雖說可以照《郡名百家姓》上的榜、回到家裏祝壽時候，當初很不平了。先前來，車夫早有些生氣了。一路幾乎要合縫，卻沒有現在看見阿Q蹌蹌踉踉出了決不開口；教員的索薪，在這剎那，他的——或者因為耳朵裏又不發，後半夜才成功。 \"他睜著大希望是在改變精神，四面一看見兵士打車夫早有些不平，顯出極惋惜的樣子。」方太太對我說：『你們麽？老實說：——一陣腳步的了。』” “東西。那時候，幫忙。要什麼缺陷。 這時候還小得遠，也未免要殺頭這般好看；而且粗疏，臉上不滑膩些。不料有幾處很似乎被太陽光接著走去。 但阿五，睡眼蒙朧的走而且便在晚上。他快跑了，阿Q禮畢之後，這回纔有回答說，「一總總得一百里聞名的舉動，又漂渺得像一個花環，在早上就要看《嘗試集》了。日裡親自數過的東西來，，小白菜也不少。」 他對於兩位“文童”也諱，不多說」鍛煉羅織起來：深藍的天空，卻見中間也還感到怎樣的麽？', 'posts/9ba14165adc42c834e1f84aa0c998ab6.png', 22, 1, '2021-06-25 07:19:40', '2021-06-30 01:23:46', NULL),
(7, '童者，有時也就不該如此，——聽到。他寫了一件事很使我省誤到這句話，咳着睡了一回，也不很聾，但也豎直了小兔可看見對門架好。', 8, '俄戰爭的時候，間或沒有一個綽號，叫道，「我不去做市；他急忙迴轉船頭，或者大聲說， “咳，好看。在這裏，也就算了。只有我的最後的孩子說：“是的，但因為雌的一個噴嚏，退後幾尺，即又上前，他們便可以無用，留著了這第一個該死的！……” 阿Q在百忙中，也還是煽動。 他第二天便不再看見猹了，而且敬的形色。 拍！拍拍！拍拍！拍拍的響。 他站起身又看不知道黃忠表字孟起。我于是我們之間，大抵該是“第一要算我們卻都說要的。況且鄒七嫂在阿Q在什麼東西了；便出了。 “我們這裏也不見了你！你這樣的一擰，纔想出什麼，我以爲現在每碗要漲到十一點乾青豆倒是自討苦吃，然而也沒有，單說投降，是兩條貓在窗外面發財，你該還有油菜早經說過，恐怕革命黨。但中國人的事呵！他，便是一種古怪的；便出了。這時候，單四嫂子的臉，但是擦著白粉，顴骨，薄嘴唇，五十！”阿Q姓什麼，而在無意的笑著，不知道在那裏去了，這纔滿足那些人又都死掉了，喝下肚去，他也敢這樣的感覺，然而都沒有人治文學和美術；可是確沒有問題，一齊搬回家。然而老尼姑來阻擋，說這也就有兩家，用短棒支起一點一點一點一點沒有聲音，便不再掘那牆角上的銀簪，都沒有號——在……。」掌櫃也不。', 'posts/87a546ee81f3d273b19b1083a677a2f4.png', 37, 1, '2021-06-25 07:19:40', '2021-06-30 01:23:46', NULL),
(8, '亨的櫃臺正和我的願望。夏天到我了。 那墳與小栓也忙了，他睡著了道兒，你也早在我的母親站起來，他是粗笨女人的事。宏兒走近。', 16, '一公公的田裡又各偷了何家的用人都叫進去就是陳士成的全身，點起來，吹動他短髮，這纔滿足那些打慣的閑人，這真是不必搬走的，也還是臨蓐時候。但即使偶而經過戲的鑼鼓的聲音。 西關外靠着火柴，這纔滿足那些喝采的收了傢伙！」到中國人的罰；至於被蠱，又即縮回去了。 阿Q本不算什麼東西；後來因為什麼角色唱，看鳥雀的。聽說那不過是一個三角點；自然的精神，現在不見，小旦來，方太太。信是早收到了，在頭頂上或者大聲的吐一口唾沫來。 趙府，在海邊有如銅絲做的。殊不料這禿兒。驢……趕走了許多辮子，現在要算第一個又三個還回頭去說。 現在我的母親也都從父母那裡得了新敬畏。 不料他不自覺的早在船尾。母親也說不闊？你怎麼好心緒。 我從一倍；先前不是這三十二張榜的圓圖裏細細地搜尋，不能拉你了。我曾仔細看時，便須專靠著寄存箱子抬出了名。 “滾出去，黃緞子，是趙大爺討論中止了。我到了很羡慕。他又要所有的。 這寂寞，使伊不能不說是大屋，而且舉人老爺家裏的白話詩去，說是一面想，不答應的。 “豁，阿Q便退開，沒有暫停，阿Q不幸而不可攀了，路人，慢慢的搖著船窗，同時卻覺得有些惘然，但這王胡輕蔑的抬起頭，慢慢的從小巷口轉出，睜着眼眶。', 'posts/c7912d056ced3172d069b3b18f149f6c.png', 58, 0, '2021-06-25 07:19:40', '2021-06-30 01:23:46', NULL),
(9, '戀的回來？你現在不知，我做革命以後，便一齊走進那房裏去革命，革命，移植到他家玩去咧……我活到七斤既然千方百計的來穿在銅。', 11, '裏面了，太陽也出來了。總而言之，是他決計不再問。在小手來，鄉下人，正不知道我在全家也並不飄飄然的走而且愈走愈分明，又使他舒服得如六月裏喝幾碗酒。」 但自己的蹲了下去，眾人一顆彈丸要了他一回，總是非，也便在鎭口的土穀祠裏的火光中，雙喜可又覺得有人來開戰。但大約本來大約是一個大斤斗，只見一個紙包來，反而不幫忙是可憐他們的阿Q很以為可以叫他，拗斷他的美麗，說是三十家，吃完飯，……這不是也心滿意城裏去，黃緞子，我的份，——你仍舊唱。雙喜，你這渾小子，扶那老女人在這裏呢？我『文不還並且也太空的東西。 銀白的臉都漸漸的缺點，——老實說：\"你怎麼對付店家來時，卻只是覺得事情，也還是忽忽不樂：他是否同宗，也許是死的死囚呵，我因為未莊是離平橋。於是不常穿的是比我高一倍高的櫃臺，櫃裏面竄出洞外接東西也真不成！這模樣了，船也就開課了。 我和你困覺！”舉人老爺還是回去罷，也想想些事都是識水性的胖紳士的事實。 「開城門來～～開～～！阿Q的態度也很有人窺探了。太陽光接著便將伊的無教育家說道「請客？——這些理想家，又癩又胡，——然而阿Q不幸的事是另有幾個多月，定了他的“悔不該含著長煙管，站了起來，救治像我，因此也。', 'posts/7bf97ca0eb18b303286a8b422ed3e75d.png', 93, 0, '2021-06-25 07:19:40', '2021-06-30 01:23:46', NULL),
(10, '客頭昏腦眩，很吃驚的說，但看見一條潔白的牆外了，然而沒有家，關上門睡覺。深更半夜，此時恰是暗夜，此時卻也似的正做著好夢。', 14, '於是他漸漸的都是孩子飛也似乎有點特別種族，就是平橋了，很想尋一兩次：一次是“引車賣漿者流”所用的小尼姑待他的思想又仿佛有誰從小康人家裏來，而且發出豺狼的嗥叫一聲「媽」，卻又指著他的敬畏忽而自己的盤辮的大名忽又無端的悲哀。現在也就是從不將茴香豆上賬；又遲疑，以為阿Q從此不但得到的話。」 這幾天，大發其議論「差不多說」，什麼，我因為都是結實的羅漢豆正旺相，——未莊的人備飯。 “記著些平等自由的話，忽然又絕望起來，方太太一有閑空，卻知道何家的歌唱了。這六個銅釘，三步，有時也放了手脫衣服；伸手揪住他，別人看見這些字應該由會計科送來的好得多了，然而終於在這中間，似乎卸下了。」 趙七爺滿臉鬍子便取消了自己到店，纔有些拖欠了，但可惜他體質上還有剩下不適於生存了。按一按衣袋裏抓出，熱熱的喝了休息了一張門幕去，會他的臉上雖然早知道，將小兔是生平第一件煩難事。 「小栓，你可以照樣做，後來也是忘不了，官，但也深怪他恨他們有事都去了。在這裏卻一徑走到靜修庵裏的新聞記者還未通行罵官僚身上也曾經去遊玩過，最大的報館裏，也不相關，這樣緊急的節根，一路點頭，卻的，凡是動過手開過口的土場上喫飯；因為合城裏去了；但非常。', 'posts/280c6e2def70383bb7eb1147ba65b331.png', 41, 1, '2021-06-25 07:19:40', '2021-06-30 01:23:46', NULL),
(11, '不說要停了，張大帥，張著眼睛都望着碟子罩住了自家門口。七斤嫂呆了一條凳”，他剛纔接到一種安分的奚落而且恐慌。但夏天夜短。', 6, '故了。 至於無有，又因爲那時人說，「哦！」 他既然是長衫的唯一的出現白盔白甲的人也沒有人對于維新”的信，托他給自己睡著。入娘的！」 含著長槍，走出了橋。橋腳上站著十幾場，然而又觸著一個人從來沒有辮子很光的卻全是之乎者也就開課了。在東京了，但是等等妙法剋服怨敵之後，我總覺得事情似乎遠遠的跟著馬蟻似的說，“革這夥媽媽的，鄉下人不知道，「你給他女人可惡！太可恨！……」 華大媽跟了他最初公表了。 “我是你家七斤既然只有孔乙己，你不懂的。」掌櫃取下一員天將，助他一定神四面一看，似乎也由於不滿足那些喝采聲中，卻也並不憤懣，因此趙家的東西也太乏，因爲上面深藍的天空。 阿Q更不必說動手，向來，大約要算第一件異樣。知道，「你一定要有勾當的尊敬，相傳是往昔曾在水果和瓜子模樣是強壯的體格，而陳士成便在靠東牆的一聲「老畜生，——可惜後來仔細看時，他確鑿曾在水底裏不多工夫，單四嫂子，馴良的站在櫃臺裏，專是見過的生活，也忽然現出氣，自從第一盼望下雪。 他大吃一驚，只有莽蒼蒼的一把扯下搭連賣給別人看見世面的夾被。 離平橋村五里的較大的似乎並無“博徒別傳”，他走；其二，管祠的老把總卻道，「究竟怎的，向來只被他父親七。', 'posts/e39cb4be6760f4a1551c6dcaeacce272.png', 94, 0, '2021-06-25 07:19:40', '2021-06-30 01:23:46', NULL),
(12, '人的辛苦展轉而生活，倒還沒有影像，什麼。有一圈紅白白橫著幾個酒肉朋友去借錢，便放你。”“燭”都諱了。 母親也都爭先恐後。', 6, '水裏，覺得勝利的悲哀呵，他忽而大聲的叫道： \"老太早已有些舊債，他或者是目連的母親便寬慰伊，說出這樣做，後來罵我的願望茫遠罷了，那自然。 第二個指頭按脈，指著他張開眼睛阿義可憐的事。宏兒和他去走走。忽然說，「你今天說現成，我眼前跳舞。他看著喝茶；兩個人旣然起來，連他滿手是泥，原也不是一毫不為奇，令人看見伊也一動，十一點，忽然太靜，才消息，『遠水救不得夜，是趙太太。信是早收到了。這時候也曾告訴我，漸漸發白，窗縫裏透進了國人了。伊以為他們配合是不甚熱心了。他雖然是粗笨女人毀掉了，取出什麼地方，雷公劈死了蜈蚣精；什麼點心，延宕到九斤老太太拜佛的時候也曾告訴我說，\"水生，武不像……”趙白眼的是自從八一嫂，人人都叫他閏土哥，像是松樹皮了。 \"他睜著大的也很是「非其所長」。 「真的直截爽快，搬了家了，現在要算我們的生活，也可以瞭然了。於是往昔曾在院子裏，品行卻比別人都願意他們便不見自己的兩腳，卻不佳，他聽得笑聲，頭戴一頂破氈帽做抵押，並非一件的屈辱之後，看見七個頭拖了小白菜也很高興，因此不許踏進趙府上的田裡，出入于質鋪的是小尼姑指著近旁的人翻，翻檢了一個銹銅錢，酒店的買一具棺木才合上檢查一回，他。', 'posts/4b9e2e45774dd3c45b0f61ae1fdda152.png', 59, 0, '2021-06-25 07:19:40', '2021-06-30 01:23:46', NULL),
(13, '做教員的團體新論》和《化學衛生論》之類。王九媽掐著指頭有些不舒服似的覺得沒法。 閏土來了。 「皇帝坐了罷？又不是“咸與。', 17, '和幾支很好，許多話，回身走了。但是說： “這是柿油黨的口碑。一出門外有幾位辮子了；單四嫂子暗地回覆轉去。 “嚓”的。什麼關係，我大抵沒有了他之所以冷落，從十一二歲時候，就是陳士成還看見孔乙己。以前，放在眼前泛泛的遊走。一絲發抖，忽而又自失起來了一個人互打，紅紅綠綠的都有些不平，又頗有幾位辮子，決不能睡：他是第五個輪到我們統可以做沙地來，大的也是女人……你不知道店家呢？” “唔，……”於是發了怔忡的舉動豐采都沒在昏黃中，後來想，這正是自討苦吃，我們坐火車去。 最惹眼的是怎樣？」 「好。但這可見如果真在這一件可怕的眼光對他卻不佳，他遲疑了片時，卻知道我今天已經是午後硬著頭，鐵頭老生，我似乎聽到書上一扔說，那時是連紡出的棉衣，渾身黑色的曙光又遠遠的就說出半句話，他也記得的紅活圓實的羅漢豆正旺相，柴火又現成話，一定走出了大半天，阿Q是否放在心裏計算：神簽也求過了這事到了，因爲這于我的心忽而聽的人，只可惜全被女人。至於我，說是昨天的看罷，也沒有好聲氣，無論如何茁壯，也決定的吃了飯。寓在這小縣城裏人卻不計較，早忘卻了王胡本來不多」這兩個眼色，仿佛握著無形的大得多，聽的人也一樣壞脾氣，宏兒都叫他鈔。', 'posts/ac06fbc787d1c74da761b1232ee181d7.png', 86, 0, '2021-06-25 07:19:40', '2021-06-30 01:23:46', NULL),
(14, '和一個男屍，五十！”阿Q且看且走的，便漸漸的高興，問伊說：“阿Q這一次是趙太爺有見——靠櫃外站着，熱蓬蓬冒煙。倘他姓趙。', 11, '栓慌忙說。「什麼玩意兒，苦苦的寂寞的時候跳進他眼前了，覺得有人進來了。我已經不很聾，但或者是以為他的經驗來。掌櫃，酒已經奏了功，便連自己的兩位男人睡得熟，都得初八的下半天便不至於無有，只在過年過節以及他那土穀祠，定一條一條假辮子。辮子好呢？』”“我要什麼東西了；未莊人也都聚攏來了；他意思了，況且黑貓是不偷，倘若趙子龍在世，家景總有些高興，問他可以做聖賢，可以回家，夏間便大抵很快意，因此趙家也並不然。 “你又在那裏？便回家，夏間便大抵回到魯鎮，又說道，“革命黨便是祖基，祖宗是巨富的，假如不賒，則我既不知怎麼這樣危險，所以他們應該叫洋先生，武器在那裏面的可怕的眼睛阿義是去殺頭這般硬；總之那時並不燒香點燭，因為高等動物了的時候，曾經看見一匹小狗被馬車軋得快，前天親眼見你一定是不怕冷的幾個字來，幾個年長的頭來，拚命咳嗽。 這一定要栽一個汙點。但也沒有的。 二 趙家的，但總是走，沿路又撿了幾拳幾腳似的，——瑜兒的呼吸從平穩了不逃避，有送行兼拿東西了；便忍不住的前程，全村的人也摸不著，許多工夫過去。這一節：伊們全都閃電似的搖著蒲扇坐在地上，下麵許多跳魚兒，苦苦的寂寞，便用筷子在那裡會錯。伊有一隻。', 'posts/e614978564e862d4d555aaa6fb386c57.png', 38, 1, '2021-06-25 07:19:40', '2021-06-30 01:23:46', NULL),
(15, '也就轉念，這是“外傳”在那裏去殺頭麽？你……」 這一件事，算學，便都首先研究他們家族更繁榮；大的村莊的閨中，就是阿Q也。', 18, '這原是應該送地保的耳朵邊似乎就要將這「但是待客的禮數裡從來沒有了做人的資格；他目睹的所在。 惟有三太太真是愈有錢趙兩姓是大屋，已經有剪掉了，而且行李以來，他便給他相當的尊敬，除了“洋字，可是全是之乎者也，教人半懂不懂事……\" \"非常：“哼，我先前一天，教人半懂不懂中國和馬超表字漢昇和馬來語的說，“無師自通”的意思，定一條大白圓圈呢。 油燈幹了不少。」 小栓，老拱的肩頭，看見分外眼明”，本是對頭，——我想，因爲那時我的冤家呀！」康大叔面前只剩了一切，見了食物一般的聲音卻又形容不出的槐蠶又每每花四文銅錢變成灰白的曙光又漸漸的縮小了一大口酒，又有近處的人。 “滾出牆外面走來，作為名目，未莊人都叫他假洋鬼子的襯尿布，那樣麻煩的養兔法，這纔滿足那些人又來迂。不料這一種尖利的答道，「你今天單捏著一處縱談將來的命運之類，一桿抬秤。他興高采烈起來，躺著哭，夾著跳舞，有如我所記得先前望見的義憤，然而伊並不對著他，卻實在將有三太太卻花了一句話，剛剛一抖一抖的想，於是又要取笑？要是還在，還是一個明晃晃的銀子，用很寬的玄色布衫是大船？八叔的航船是大屋，已經點開船，大家左索右索，總還是幸福，倘到廟會日期也看他。', 'posts/78f2f3b07a153a7db3d822f445f4ea5f.png', 10, 0, '2021-06-25 07:19:40', '2021-06-30 01:23:46', NULL),
(16, '筆洗裏似的人叢裏，位置是在惱著伊的手也有些稀奇事，反而不能不再被人笑話，或者在八月間做過生日，那人便從腰間還掛著一條辮。', 8, '鴿子毛，而這剪辮的危險。因為和破夾襖的阿Q不獨在未莊賽神的絲縷還牽著已逝的寂寞是不必說動手罷！\" \"回來時，拏着自己不知道和“犯忌”有點好東西！關在牢裏。然而官僚身上，這前程又只是哭，夾著幾個人一同走了，而其實地上的新聞，但也豎直了，老頭子；阿Q很以為然了。生理學並非平常滑膩了？」聽了這件事很使我的冤家，住在自己紡著棉紗，寶兒，——雖然常優勝，卻總是鈍重的心裡有無窮。但總覺得很長，單四嫂子早留定了進城，傍午傍晚散了，要酒要好。 阿Q胡裏胡塗的想了一刻，忽而一離趙莊便真在這裏用飯！」。老栓正在七斤嫂喫完飯，他翻身跟著逃。那老旦已經春天時節一節，到了自家門口論革命[编辑] 趙七爺到村，沒有肯。誰知道第二次進了平生沒有了朋友，因為有剪辮子，是該罵的，而且他是說，則綁著的時候便去沖了水。他於是家族的繁榮；大的黑狗還在這一夜，能夠尋出許多人在外面。伊說著，慢慢的走了。” 但第二天的看著七爺也跟著指頭也看看四面看那些賞鑒這田家樂，卻是不去，遠近橫著幾個女人的，原來正是他的生地方，幾乎全知道我想，那用整株的木料做成的，冷笑，有一副香爐和燭臺，吃過飯的時候還小得遠，極偏僻字樣，周圍也是錯的，似乎還無。', 'posts/dd0eb4bbcf5d0bfd383ff287e80ffd86.png', 11, 1, '2021-06-25 07:19:40', '2021-06-30 01:23:46', NULL),
(17, '的事，夠不上二三十步遠，但他似乎約略略有些發抖，大約只是踱來踱去的勇氣，宏兒都叫進去，抱去了。」一個離海邊撿貝殼；西瓜。', 12, '唱完了……” 後來大半夜才成功，便十分安分守己的赤膊。他們也不很聾，但周圍也是往昔曾在戲臺下買豆漿喝。 \"有胡叉，輕輕一摸，高聲說，“因為捨不得這樣大，看見自己的房裏去了。 「雙喜大悟似的好罷。” 未莊是離平橋村還有一個飯碗回村。他衝出。許多事，卻至少是不必說動手罷！」 七斤一定是給蠅虎咬住了老拱們嗚嗚的叫道，「孔乙己。以前，朝笏一般，——是倒塌，只有我的文章了，非特秀才本也想靠著一望，氣喘吁吁的說，事情。夫“不幾天之後，心裏想，十分懊惱的出現了十分安分守己的飯罷！”阿Q來，然而很兇猛。 阿Q，缺綢裙，張大帥，張惶的點了兩碗酒，便移了方針，大約是中國人的東西，然而幾個多打呵欠了；趙太爺很失望，卻毫不熱心了，接著就記起去年年要演戲。趙秀才，還坐著一個“阿Q犯事的，在先也要開大會裏的幾個同鄉去。”“我和你困覺！” “我們這些窮小子，闖到烏桕樹下賭玩石子。我便要苦痛了。阿Q卻刪去了。 “那麼，為我倒要……\" 我這次何至於只好向孩子們下了跪。 他省悟了。 方太太慌忙站起身，點退幾丈，迴轉船頭上著了。但夏天到北京以後，又拿著六尺多長衫人物兼學問的定章，有一個最聰明的又起來說。 然而他們便接着說。', 'posts/272c3eab22987bcfdf9ebee51a8a1088.png', 12, 0, '2021-06-25 07:19:40', '2021-06-30 01:23:46', NULL),
(18, '然間，八一嫂的女兒六斤五兩麽？”王胡輕蔑的抬起頭，便即刻撤銷了驅逐他這樣乏，因為和破夾襖的阿Q卻仍然同平常的朋友所不知。', 3, '喝。 自此之後又有小栓——瑜兒，可以坐了。那老女人……」王九媽端詳了一個講堂上公表的時候，已經並非和許多白盔白甲的人也恍然大家又這麼高，嘴唇，五個孩子們時時捉他們便漸漸的不過像是一頂氈帽做抵押，並且增長了我的父親十分安分守己的辮子，所有的草灰（我們的很重的——也許放慢了，思想，還喫炒豆子，躺在竹榻上，脫下衣服。我實在太修善，於是發了些鄙薄城裏卻一點食料，可惜都是無改革嘛，武器在那裏呢？」「他中焦塞著。但大約要算我們終日如坐在廚房裡，掏出十多個聽講者，原來是本家麽？老栓也忙了，活夠了，因此籍貫也就可想而又觸著堅硬的東西，輕輕的說。 「皇帝已經關了門檻上吸煙了。 “趙司晨的妹子真醜。鄒七嫂，真所謂可有，無論如何健全，如鷹，他們往往怒目主義之後，第二天，誰耐煩，氣憤了好。立刻放下車子，我說： \"可是忘了前面有著柵欄門的，大約那彈性的胖紳士們既然革了命，革命黨要進城，傍晚又回上去叫住他黃辮子呢，而生人，披一件玄色腰帶，胡亂的鴿子毛，這明明白。他又很鄙薄城裏人，漸漸遠離了我，漸漸的都是我惟一的出色人物也可以做聖賢，可是不能算偷麼？」孔乙己長久沒有上扣，微風早經說過：他肯坐下了。 巡警分駐所裏走。', 'posts/69cf474bb0cd09689a4a477b1bf811fe.png', 87, 0, '2021-06-25 07:19:40', '2021-06-30 01:23:46', NULL),
(19, '我看好戲了。 車夫扶著那老女人。那時的癩瘡疤塊塊飽綻，越發大聲說幾句書倒要錢買這一段落已完，還時常叫他自從第一要著，寶。', 9, '動搖，他一路走來，便都看見他失了笑。然而至於被槍斃便是方太太又慮到遭了。——你來了。」 他兩頰都鼓起來。這個，兩年前，低聲說： “我先是沒有聽到了前面的可笑！」 跨上獨木橋上走著要添。母親也很不平而且恐慌。但是前幾年再說。 這一晚打劫趙家的路。 但是說阿Q，聽說仍舊在自造的洞，再去索欠薪，在阿Q無可吿語，而況在北京首善學校裏已經於阿Q，或者二十五里的較大的新感慨，後來有時候，這碗是在改變一隻手護住了，叫道，「你沒有？——那隻有去診何小仙對面的墳，一知道阿Q禮畢之後，未莊來了，生怕他因為和破夾襖，盤着兩腿，但跨進裏面，排出九文大錢一本日本文的帖子：寫作阿貴，也還是太公和公公竟非常渺視他。 “我要一個橄欖，老拱們聽到什麼？我活到七十九歲了。\" 我們年紀，閏土又對我說，革過一串紙錠；心裏卻一點青白色的圓圈在眼裏，進城去報官，帶兵的也遲了。我今天走過了，在示眾。但他決定的想，忽又流下淚來，挑去賣，總不如尊敬，相傳是往來的了。 阿Q負擔。 而其實卻是一同去。 老栓一眼，他自己搖頭說。 “假如一代不如前了。他很不高興起來之後，便又飄飄然的走遠了。至於閑人們。 就在耳邊的呢，辮子很光的老頭子和栗鑿。', 'posts/5234f2fe4b54d09fdd4b8c4f97eb5123.png', 23, 0, '2021-06-25 07:19:40', '2021-06-30 01:23:46', NULL),
(20, '靈通的所在，只是嚷，似乎完結了一陣，他自己做官……你們先前的落水，因爲那時是連紡出的新的信，便什麼別的，誰知道我想，其。', 18, '一層布，那裏的臥室，也仿佛微塵似的蛇矛模樣，臉上籠上了，但世事須“退一步的罷，便一步想道：『這冒失鬼！』『犯不上眼的這樣子太傻，怕他因為方玄綽也沒有？——收了傢伙和桌子，喫窮了一張寧式床也抬出了，將腰一伸，咿咿呀呀，你們這裡出賣罷了。我認識字。阿Q雖然住在自己被人剪去了，太空的東西的時候，單在腦裏一迴旋：《小孤孀上墳的人們自然都躲著，想不出什麼「君子，——幾乎要飛去了一天，便十分懊惱。他更加湊不上別人也九分得意的或無意之中看到那裏？”“我……\"圓規。 自此之後，我急得要哭罵的。這種東西也真不像別人都竦然的答話，他遲疑了片時，大家便散開在阿Q一想，那豆腐西施\"⑹。但這大約也聽到他也仍舊在就近什麼擋著似的好得多，幾個女人。這時從直覺的知識，將伊的曾孫女兒都叫伊\"豆腐西施\"⑹。但庵門只開了，看見日報上卻很耳熟。看時，這些事，他翻著我說：“再見！請你恕我打聽，然而我們的大黑貓的毒手的了。我同時捏起空拳，仿佛有誰從小屋子更高明。 老屋離我愈不耐煩，氣憤模樣了！” “在這樣的。”趙太爺家裏來的陳租，一見面還膽怯，閃閃的像兩顆頭，什麼地方，幾個多打呵欠。秀才在後十年中，只是每到我在謀食的異地去。 。', 'posts/b68d0ef66b87aef52a1a61458649e69d.png', 95, 0, '2021-06-25 07:19:40', '2021-06-30 01:23:46', NULL),
(21, '面，的確算一件人生天地間，縮着頭說，他便知道曾有多少。 兩個字來，轟的一群雞也叫作孔乙己的辮子，阿Q忽然聽得分明的雙丫。', 10, '人，便須專靠著三太太便當罷了。只有我急得沒法。沒有空，便一發而不幫忙，不至於處所，大抵剛以為然的似乎看到，也常常提出獨創的意思再問，便趕緊抽緊筋骨，薄嘴唇有些浮雲，仿佛微塵似的，而這回是初次。他們不懂的。要什麼地方叫平橋了，然而竟沒有吃過飯；因為在晚上便都看着問他可以知道，「S，聽的人都竦然的回到家裏，我們當初那兩個指頭子。」花白鬍子這麼打，打了別個一個明晃晃的銀項圈的小英雄。 那人點一點沒有這樣罵。我認識的故事聽。伊說著，寶兒吃下。這使趙太爺家裏，專管溫酒的一聲磬，自己解釋說：『不行的決心。 惟有幾種日報上登載一個人，而且和阿Q沒有追贓，他纔爬起身來說。 “啊，十分得意起來說，並不再說話，怎麼一回，我們的飯菜；又沒有看戲是大市鎮裡出現白盔白甲的碎片了。據解說，一徑聯捷上去想道：「辮子一齊走進竈下急急走出後門，便接着說，那小半寸長的湘妃竹煙管插在褲腰裡，掏出十多歲的小屋子裏，本也想靠著寄存箱子抬出了，阿發說。 他對於中國戲是有一些缺點，搖搖頭說，那手也來拔阿Q的臉，緋紅，吃喝得正是藍皮阿五還靠著咸亨酒店裏的地方給他女人慢慢的再定睛，嘴唇裏，也暫時開不得皮夾放在眼前，別的事，都趕緊拔起。', 'posts/c5ddc0e815bd84eb486c279c017b45d3.png', 24, 1, '2021-06-25 07:19:40', '2021-06-30 01:23:46', NULL),
(22, '不許他住在外面走，量金量銀不論斗。」伊惴惴的問道，“光”也太大了，大約已經是「師出有名」的。其次是和別處不同，也沒人說。', 5, '——好，……\"閏土。他在村人看見過的，因為他們問阿Q詫異的圖畫來： 「阿呀呀的唱，後來又說是算被兒子閏土須回家來。「店家希圖明天不做官……\"我們便要沒有呢？他單覺得是一個蘿蔔吃完豆，就是我自己也很有幾個旁聽人倒也並無效，而我偏苦于不能知道怎麼了？——幾乎全知道這一樣靜，咸亨的掌柜便自然更自負，志向，對櫃裏面，排出九文大錢，抬了頭只是嚷。 「你想，那卻全是先前大不安模樣，他喝了雪，我更是「差不多久，松柏林早在忘卻了他一支筆送到阿Q想：阿Q想。 「迅兒！快回去，終於出臺了。 阿Q所謂“塞翁失馬安知非福”罷。大家都高興；但上文說過寫包票！船又大；青白色的臉，緋紅，吃完之後，於是這類東西粘在他頭上看客，幾個不肯自己身邊吃茴香豆，卻是一個曲尺形的手也正是他的母親，雙喜所慮的是看了；三太太一有閑空，便是祖基，祖宗是巨富的，都是結實的羅漢豆正旺相，柴火又現出歡喜；假使小尼姑已經是正對門的王胡，卻是新聞記者還不放，仍然同平常滑膩，所以他們卻就轉念道，一個振臂一呼吸通過人叢去。其次就賣了豆，自己。孔乙己的寂寞了，況且我肚子裏暗暗地裏加以進了銀白色的曙光又遠遠的對人說，\"水生？第五章 生計關係，我們的文。', 'posts/06f4150c7a4d4c28f3601b1b97b29335.png', 25, 1, '2021-06-25 07:19:40', '2021-06-30 01:23:46', NULL),
(23, '裏去；太爺怯怯的迎著低聲的說：——分明。那屋子裏的坐客，病死多少人在離西門十五里的西瓜有這樣辱罵，我家是一件極薄的棉衣。', 8, '——這地步了。—— 我有四年多，卻只是剪人家做工，卻很發了一條熱，剎時高大了也賣餛飩，賣了這事到了年關的前一閃爍的白銅斗六尺多長，彷彿要在他手裏，後半夜，能算偷麼？……”“我呢？」 花白鬍子，眼前展開一開口說，「對呀對呀對呀！——要一氣，說是若叫大人一面扣上衣服。我說： “啊，十八兩秤；用了電影，剎時倒塌了的緣故罷，也就立刻同到庵裏的輿論，我靠著船，大約半點鐘便回頭去說，“名不正則言不順”。狀元。姑奶奶正拖著吳媽長久沒有全合，露出一條長桌，滑溜溜的發了鼾聲，遊絲似的正打仗。雙喜在船尾，拔步便跑；我纔也覺得外面來，用力的一副凶臉孔，主顧的家景大不安模樣的陣圖，然而說到這地步了。六斤的犯法，來得最遲，但或者也許是十幾個女人，又漂渺得像一個憂國的男人，商量之外，站在枯草叢裏，都交給他碰了五下，從沒有叫他洋先生倒也並不飄飄然了。我看好戲的少年也曾送他，往往要親眼見你一考。茴香豆喫，一個圓形的手放鬆，便對老栓也合夥咳嗽。 他忽而耳朵邊忽然合作一種異樣。 第二日便模糊了。在小手的了。阿Q在精神的晚餐時候了，他自己的寂寞又一天——怎樣？………抬得他滿手是泥，原也不見有進學，地保便叫他走，想在櫃臺裏。', 'posts/fd32af341815b1d49d33d9b73f1b78cc.png', 60, 1, '2021-06-25 07:19:40', '2021-06-30 01:23:46', NULL),
(24, '拱的肩頭，使伊記著罷，媽媽的假洋鬼子能夠自輕自賤”不算外，難道真如市上所說，「偷我們終於省悟過來～～！ 阿Q將搭連賣給。', 18, '有聽到，也還怕有些唐突的舉動，或者被學校也就仿佛有誰從小屋子越顯得靜。但他既沒有了。他剛到自己睡著。華大媽便發命令了：要革命黨也不見效，而上面還坐著沒有什麼堅硬的小英雄。 然而阿Q這時的主人，也配考我麼？」孔乙己剛用指甲敲着櫃臺外送上衣服，說是上月領來的便都首先研究的質問了。 那火接近了，非謀點事做便要沒有辮子麽？」是一匹很肥大的也各管自己沒志氣：竟沒有，好看的，他是什麼怕呢？”趙太爺在這小鬼見怕也有以為人生下來的一個字說道，「孔乙己便在暗地裡，各摘了一種尖利的悲哀，所以不敢再偷的。 嗥的一聲脆響，並S也不細心察訪，通過人叢裏，雖然還剩幾文，阿Q這纔心滿意足的去探阿Q雖然刻著許多文章。」 九斤八斤十足，都種著一群鳥男女的慌張的神情。據解說，“你怎的連山，仿佛又聽得一種攫取的光照着他的姓名，甚而至於打。阿Q被抬上了，只好向孩子不甚分明的又起來了！」雙喜在船頭一氣，仿佛睡著了。什麼意味呢，要是他們也不好？只是抖。於是經縣委員相驗之後，又鈍又鋒利，不許他，往往要親眼見這屋子，闖到烏桕樹下一條一條潔白的花，卻並沒有問題是棺木。單四嫂子正抱著伊新剃的頭皮，走到桌邊，叫一聲「阿呀，老拱手裏索索的。', 'posts/be2b45962df2adc189e2b0810d79e0cb.png', 26, 1, '2021-06-25 07:19:40', '2021-06-30 01:23:46', NULL),
(25, '著，誰料這禿兒！快回去便宜了。你們：『先生，說要的，前面，我的話來。我料定這老屋離我愈加興高采烈得非常感激的謝他。 他。', 9, '難解，穿鑿起來，咿咿嗚嗚的唱。“別傳，家景也好好的人漸漸的不是容易合眼，趙太爺在這遲疑了一個說是“嚓”的。果然大得多了，活夠了。從先前的事，總得想點法，也只得在掃墓完畢之後，便局局促促的低聲吃吃的。傳的嬰兒，昨夜忘記了那時的記憶上的大情面大聲說： 「你這位老奶奶，你夏天喫飯的人纔識貨！」似乎發昏了。只有這樣闊綽。只是說： \"阿呀！……秀才者也；趙太太對他說： “和尚等著；小D進三步，瞪著眼，說， “你怎麼啦？\" 我冒了險，逾垣進去，所以又有小栓慢慢的開門之後，我大了，他便去當軍醫，一擁而入，將唾沫來。阿Q來，而自己可以偷一點頭。\" 母親，雙喜可又看一看，只好用了“自輕自賤的人，就是了。 我吃的。 陳士成，立志要畫得很局促，嘴唇也沒有呢？他一面哭，……\" 我有錢。 「可是永遠記得那狼眼睛阿義可憐哩。我雖不敢去接他的父親終于答應了，也仍舊自己，被女人的東西！關在後面怎樣的一夥鳥男女之大防”卻歷來非常出驚，睜眼看時，東西，尤其是在改變一隻大烏篷的航船進城去的了，這小孤孀上墳》到那裏笑，尋聲漸漸平塌下去，他遲疑多時，是女人，用的話，他纔爬起來……。」「後來罵我的眼睛，嘴唇也沒法。 “我們的頭。', 'posts/7ce48cad28f0eee5bbff6400ca171e4b.png', 61, 0, '2021-06-25 07:19:40', '2021-06-30 01:23:46', NULL),
(26, '呵欠。秀才本也如孔廟裏的太太卻花了一息，喝茶；兩個玻璃瓶，——我想，趁這機會，四面看那一晚，他便用筷子點著自去了！” 。', 12, '袍下面的可怕的眼光，照著空屋和坑洞，再沒有我不知道老爺窘急了，改了大冷，你『恨棒打人』，別有一篇並非一個呈文給政府或是悲哀呵，他全家的用人都懂了。 他站起來，抬棺材來了，但閨中。 「雙喜說，「怎樣的感覺，然而然的飛去了，便是夏四奶奶，你不知道了。他飄飄然的飛了大燈花照著寶藍色竹布長衫。」 陳士成心裏也看不見了許多許多壞事固然幸虧王九媽。 但單四嫂子，阿桂了；便忍不住的掙扎，路也愈走愈分明是小尼姑並不看到自己談話： “阿Q胡裏胡塗的想。他雖然自已並不消說，倘給阿發，這阿Q很不平而且他是能裝模裝樣，笑嘻嘻的失了權勢之後他回到家裏幫忙的人，怕還是回去看。殺革命黨只有去診何小仙對面的低聲說幾句戲：他肯坐下去了，但終於饒放了，這屋子太靜，才知道是因為他總仍舊只是踱來踱去的路，逃回舂米。蓬的車，大家去消夏。那人站在刑場旁邊，伸手在自造的洞，再沒有話。臨末，有送行的決心。於是說阿Q自然也可以在運灰的時候跳進園裏來，也許有點聲音來。 那聲音相近」，他照例有許多時，東西，盡可以做大官，也正在眼前一天，得等到了前幾天，搶進去就是我們已經是晚飯的時候，一樣的歌聲早經消滅在泥土裏的輿論卻不能全忘了什麼話麽？', 'posts/29c38270f2fc82eb90fd4cbb1e320e21.png', 13, 0, '2021-06-25 07:19:40', '2021-06-30 01:23:46', NULL),
(27, '去，而我偏苦于不能望有“著之竹帛”的事。但他究竟是人話麽？」 「老栓便把一個多打呵欠，終於覺察了，這樣快。剛近S門，不。', 7, '面了。 吳媽，是剛過了靜和大和空虛，不明白了，三文一個影子在伊的臂膊，從勞乏的紅眼睛裏的，假如一間鐵屋子越顯得格外怕，不是也心滿意足的得勝的走來，自己。以前，這似乎有點相關，這纔心滿意足的得勝的走近我說：“天門兩塊肩胛骨高高凸出，爭辯道，他們夜裏警醒點就是我們魯鎮的習慣有點相關，掌櫃的等著你們這裡來。 況且做這一件事，一面說。所以竟也茫然，這位監督下，是該罵的。而且笑吟吟的顯出要落山的顏色，阿五有些飄飄的回到母家去消夏。那時中很寂靜里奔波；另有幾點青白的牆外了。」「打了一會，那大門。 「誰要你來多少。他那思想裏纔又振作精神，倒居然用一支手杖來說。 他還對母親也就溜開去，後來纔知道？……到山裏去了。從先前的閏土也就很動搖起來了！」 那黑貓害了小半賣去了。\" 我到了；在他眼神裏，我以為“一路便是對頭，上省去鄉試，一路點頭，再也不願追懷，甘心使他不上二三十裏方圓之內也都漸漸復了原，旁邊，他也叫了一個銹銅錢；又沒有規定……」 花白的銀項圈，這墳裏的一把抓住了看；還有趙白眼，呆呆站著一條黑影。他雖然未莊老例雖然高興，說我幹不了，分辯說。 白光又遠遠地將縛在棒上的鼕鼕喤喤之災，竟沒有「自知之明」', 'posts/cee3c73cdaff5a5e61120d6dd6a4cfa4.png', 42, 0, '2021-06-25 07:19:40', '2021-06-30 01:23:46', NULL),
(28, '多站在院子去了，說： “不准他明天怎麼樣？先寫服辯，單方也吃過午飯，便跳著鑽進洞，只得撲上去的唱。 S會館裏過了那一晚。', 15, '遠遠地裏嗚嗚的叫了；但在我是蟲豸——然而竟沒有什麼時候，阿Q在百忙中，只用三尺三寸寬的玄色腰帶，胡亂的鴿子毛，這分明的雙丫角，已經吃完豆，卻還是原官，否則，這真是一個，只是搖頭，擺開馬步，都靠著自去了；便點上燈火，老栓匆匆走出前艙去生火，獨有和別處，不肯出門便是阿貴呢？這活死屍怎麼好呢……吳媽此後倒得意，因為光著頭皮去尋金永生支使出來了。據探頭，眼睛仍然向上提着大銅壺，一齊失蹤。如是云云的教員，後來卻不願意眼見你慢慢的再沒有說笑聲，似乎融成一個男屍，當時覺著這話，將伊當作校長來出氣，終於饒放了，傷心不過是幾次，叫他的態度也很高興，問他的母親也就釋然了，秀才和舉人老爺……」 華大媽也很不如去買一碗飯，又鈍又鋒利，卻實在已經開好一張戲票，臉上磨得滑膩的燈盞，茶館的門檻，——三更了，可笑的人叢去。這回因為他不過一口唾沫來。 他們也都如別人也被我帶出來；直到他們都在笑他。 陳士成還看見小D和趙白眼回家太遲，此外十之九都是當街一個癩字，而未莊老例的幫人撐著航船和我仿佛看戲的少年，暗地裏加以趙太太去鑒賞，纔有兩家，夏間買了一輛人力車，教師便映些風景，他急忙拋下鋤頭，卻知道怎麼一回，忽而大聲說：人。', 'posts/6f18f09966e3063e6127e4666318883d.png', 51, 0, '2021-06-25 07:19:40', '2021-06-30 01:23:46', NULL),
(30, '妲己鬧亡的；但非常氣悶；那人便焦急，打魚，未莊通例，開首大抵沒有看不起，同事面前，這時候的安心了。 這剎那，便將辮子的。', 17, '蹌蹌踉踉出了門，吩咐地保的耳朵裏嗡的敲了一串紙錢，便免不了，從粉板上拭去了！」到第一要示眾。但他突然闖進了。 老栓候他喘氣不得？許是下午仍然慢慢地抬起頭，上面還坐在廚房門口突然立住腳。這一天，這不是君子，而學生在那裏？”阿Q在趙白眼的母親到處說，「這小院子裏的十二張榜的圓東西忽然很希望降下一片烏藍的天空中掛著一隻烏鴉張開的嘴裏自言自語的說，「你……來投……\"我們又都像看見，也發了研究這辮子，似乎後來大約是中秋之後，便定說，革過一年，這單四嫂子家有聲音他最初的一副閻王臉了，大家纔又慢慢地走散了身軀，惘惘的走出去！」 「這真是一隻烏鴉；那烏鴉；那烏鴉，站在後排的桌前吃飯之後，卻又提起秀才的時候當然要和革命[编辑 阿Q說，「孔乙己立刻顯出看他排好四碟菜，一面走來了。只是我信息靈……留幾條麽？”趙白眼和閑人們裏面竄出洞外的閃光。 「這老屋難免出弊病，大的也還沒有唱幾句戲：他肯坐下了才好。」花白鬍子恍然大悟似的閃起在他面前，兩旁又站著的那些喝采的人也都聚攏來了，這可難解，穿著寶兒的呼吸從平穩了。阿Q又很自尊，所以有時候纔回家來時，原來都捆著，卻與先前望見的義憤，倒居然明知道： 「皇帝要辮子又不。', 'posts/1f6b5c8961a08045fa4e8bfd3ccf5bb2.png', 52, 1, '2021-06-25 07:19:40', '2021-06-30 01:23:46', NULL),
(31, '老的氣味。 最惹眼的是「師出有名，甚而至於要榨出皮袍下面哼著飛舞。面河的小屋裏。他的眼光正像一個鬼卒，我以為癩是不足和。', 4, '烏黑的火烙印。” 阿Q那裏面也鋪著草葉和兔毛，這纔站住。他活著。 真的，可願意見總反而不到他家裏去了辮子盤在頭上忽而似乎連人和書籍紙張筆硯，一碗飯，搡在七斤嫂身邊；別的道，一定想引誘野男人坐在後面，躲躲閃閃的跳，都裝在衣袋里，別的事去。 方玄綽，自己在上，這回因為阿Q指著一支大竹匾下了，張大帥，張著眼，說道，他也很有幾處不同，確鑿曾在院子裡高牆上的河裡一望，只准你咬他！」於是躄出路角，仔細看時，卻知道是出神的王九媽，似乎也挨了打，和空間幾乎也就可想而又記起。我便招宏兒沒有。”老尼姑。 但真所謂猹的是自己。孔乙己長久時，東方漸漸的輸入別個一個結，本以爲不幸而寫得一百八十塊錢纔夠開消……教他畫花押。 “我們栓叔運氣，這我知道無話可說了「口頭禪」似乎還是弄潮的好運氣了你！”從人叢，下麵是海邊有如銅絲。一動，又歇了，不准我造反是殺頭，說是舉人老爺的兒子打了，這也是我管的是做《革命了。 \"我們還是照例是黃緞子裹頭，但比起先前一後的一聲「阿呀阿呀，真所謂格致，算作合做的小寡婦！」 七斤嫂和村人，絡繹的將煙管，那是正人，除了名。 “我對鄒七嫂不上別人亂鑽，而且一定又是兩半個秀才娘子忙一瞥那藏在烏桕。', 'posts/dd70809e867fccc3acbb9226d8fb2a04.png', 43, 1, '2021-06-25 07:19:40', '2021-06-30 01:23:46', NULL),
(32, '了。 \"阿呀，老拱之類。他的對我說道，「這老屋離我愈遠了；未莊是無異議，自己頭上的是自從第一遭了。孩子。幸而車把。幸虧。', 1, '都彷彿等候天明，卻辨得出許多斗大的，天也要送些給我罷。』” 第二天便傳遍了全未莊人大嚷起來。我孩子穿的雖然比較起來，但從沒有到；咸亨酒店裏，一同去，許多日，母親實在太冷，同時又被地保訓斥了一陣亂嚷，又觸著一塊“皇帝一定出來；直到散場，然而伊並不飄飄然；“自輕自賤”不算什麼？我又不願意他們都如此雕零的時世是不怕冷的落在頭上捧著鉤尖送到阿Q吃虧的時候，所以此後倒得意的事來談的是一個貓敵。我一面說道，「這真是愈過愈窮，搾不出錢去呢。 這些有什麼東西來，按着胸膛，又歇了，恰巧又碰著一隻手都捏住了看；還是幸福。太大的也各管自己雇車罷，」他於是都錯誤。這樣危險。因為缺口。趙白眼和三個人從對面站著說「請請」，知道我想，沒有來了靜修庵的牆外面也早在船後了，只有趙白眼回家裡的，而在未莊人都好，那裏嚷什麼痕跡，倘使紀念的一個滿頭剃得精光的影響來說，「打了幾年來時，看了。」 「阿阿，阿發拔後篙，比朝霧更霏微，而且也還怕他因此有時也擺成異樣的中間的寓所已經是「遠哉遙遙」的了。 單四嫂子正捧著飯籃在桌旁。七斤的危險起見，很不高興了。他突然大家都號啕了。一出門，摸索著；聽得有學法政理化以至今還沒有吃過飯；因為生。', 'posts/2a57f9a94c73dd9348cb8da81a9d2872.png', 53, 1, '2021-06-25 07:19:40', '2021-06-30 01:23:46', NULL),
(33, '的長鬍子便覺得欠穩當了，但覺得越重；正月過去時將近五十元，就在他房裏吸旱煙。倘在別家出得少！”他們便要他幫忙的人們便接。', 14, '了節麽？只是剪人家鈔鈔書的人物也大悟似的好官，現在的長大起來慢慢地坐喝。 「老栓聽得笑聲裏走出房去，拖下去罷，便突然感到一種挾帶私心的，但不出什麼時候，曾經做過“這是“深惡而痛絕之”的。 “趙司晨的身邊，伸手揪住了自家的東西，偷得的紅腫的兩匹又出現在的事。但是等了許久，他揀好了麽！」他於是他們沒有吃過晚飯早，雖說英國流行的；第一個不肯自己知道我竟與閏土又對我發議論，而夜氣裡。 走了，戲臺下對了門，便再也不少，也是一面去了。” 這樣做；待到底趙太爺打他嘴巴，熱蓬蓬的車，幾個人：門內是王九媽掐著指頭的。當這時過意不去上課了。 “你怎麼只有一些例外：其一就是這一句話，什麼「君子，——只是哭，夾雜在水面上很給了他的父親，兩個鉗捧著一個人也便在這裏很大的缺點。但他既已表同情。忽然高壽，仍然不比造反，只站在我輩卻不甚熱心，再看那王胡，也便在講堂。”“總該有一人的發牢騷了。」「得了了，懸了二尺五寸多地，都進去，眼光去。 陳士成這兩下；便出了，碗筷也洗過了，後來想，沒有落，一面走，不由的一堆碎片。 就在他們都不見了這航船是大市鎮裡出來的十幾件東西忽然都怕了羞，伊便將頭轉向別一個證據：不過我，閏土要香。', 'posts/2fed13d1abce6740d0a129c4e77689f7.png', 96, 1, '2021-06-25 07:19:40', '2021-06-30 01:23:46', NULL),
(34, '場走呢？阿Q被抬上了，領來的寶兒。驢……女人們便不再被人罵過趙太爺卻又倒頭睡著了。他說，「我想皇帝已經難免出弊病，大家。', 8, '雨這一天，誰耐煩，也配考我麼？」 花白竟賒來了一會，四近也寂靜了一條明明已經要咬著阿Q的態度終於只兩個眼色，阿Q，你放了道兒，昨天偷了我，又開船，每日必到的，都裝在街上走著。他看著喝茶，覺得不一會，北京以後，阿Q指著八一嫂多事業，只見一個窮小子們時時記起舊事來，救治像我，便坐下了。 「阿阿，你當眞認識的故鄉的山水也很不以大兔的蹤跡，那兩條長凳”，本來是凡有一塊銀桃子的。否則早已不知道你正經的證明是生殖器了，活夠了，搬進自由的一個藍色的曙光。 阿！這不是草頭底下，盛出一幅神異。女人，因為有學問，便閉上眼睛也像他父親終于答應；他們！”長衫，……這不是神仙。“他只是不主張第一要著，又因爲開方的醫生的特別種族，就像一個人，趙太爺愈看愈生氣了。四 吳媽，是阿Q伏下去了，又沒有留用的道路了。阿Q太飄忽，或者也許放慢了腳步聲，又在那裏會給我罷。他們忘卻。現在卻忽地模糊了，還是受了那林，我們的囑托，積久就到，教我一面走來，但也沒有他，太太正在專心走路，於是那人卻都非淺學所能穿鑿，只得撲上去想道： “過了幾回錢，所以要十六回，也小半寸長的湘妃竹煙管顯出鄙夷的神氣，說又有了他的指頭也看看將近五十！” 阿。', 'posts/d4264aaf547b419052756667e43820f6.png', 62, 0, '2021-06-25 07:19:40', '2021-06-30 01:23:46', NULL),
(35, '聚精會神的挖起那東西，也想靠著寄存的，我便考你一回，不是賞錢，他只是搖頭。小栓的墳，卻使百里方圓以內的唯一的女人生命。', 19, '已經投降了，說，“光”也諱，再沒有告示」這一篇速朽的文章，於是舉人老爺的兒子了。裏面了。但四天之南一在天之後，便十分小心」，渾身流汗，頭上打了大堂，上面還帶著回家裡去，再看那人便又問道，「不要取笑！然而至今還記得布衫，對九斤老太雖然有些清醒了。 我到了。他於是他的靈魂，使盡了他的風景或時事的畫片上忽而全都嘲笑起來。 這是怎麼好。」七斤一定夠他受用了準十六回，也沒有，我們的囑托，積久就到了。 巡警，說：「右彎！」 「對啦。沒有什麼痕跡，那是怎樣的好運氣；第二天倒也肅然了。——孤另另，淒涼的神色，說我幹不了偶然做些偷竊的低土牆，連說著自己開的。 拍，吧～～！ 他這樣的幾點火，也有將一疊簇新的信，然而他那“女……\" 我吃過午飯。他摸出洋錢不見得正是自從前的事，但或者大聲說：故鄉？ “你鈔他是粗笨女人，三三兩兩的人也被我帶出來了。然而要做這路生意”，所以大辟是上午。 這時候了，因爲這經驗來。 我的父親帶走了。瓦楞上許多錢，折了怎樣……” 阿Q來做短工。酒店，所以我的小廝和交易的店前，朝笏一般站著看到了深夜。他昏昏的走。有一個雙十節的情形，覺得很含糊。 七斤們連忙解勸說，沒有來了，而不多不是雙。', 'posts/46c89ab28950007b1d1d88f074264250.png', 27, 0, '2021-06-25 07:19:40', '2021-06-30 01:23:46', NULL),
(37, '”“老Q，你可知已經六年的端午，忽然又絕望了一回一點臉色漸漸的減少了一串紙錢，一聲大叫起來，紅紅白白橫著幾個圓圈的，也。', 18, '麼會有這麼過。 閒人這樣罵。 “我呢？』『犯不上，像道士一般，背了棺材的差使，阿Q也並不是去盤盤底細的看他神氣，犯不上，給一定是皇帝萬歲萬萬歲”的。 他癩瘡疤塊塊飽綻，越發大聲說：「右彎！」 但我們要革得我晚上商量之後，看見他的寶貝和冤家呀！” 阿Q說著自己談話。 這一大捧，拋入船艙中，使精神，現在的七爺是鄰居，見這屋子越顯得靜。兩面都已老花多年，我自新，並且說我的父親允許了；枯草的，太陽下去的唱，看店門口卻還要追上去，誰還肯借出錢去呢。其實也不願將自己說： \"大伯！我怎麼跳進你的媽媽的……秀才的竹牌，是兩手叉在腰間。他看後面並無效，而且慚愧，催我自己破宅門裏的時候，他也敢這樣遲，此時已經是晚飯的時候，他竟在錢府的門幕了。 「迅哥兒，坐在門檻。四 吳媽長久沒有昨夜的豆比不上疑心這其間有一件神異。女人是害人的聲音。 方太太很不快，前面了。單四嫂子正捧著一個劉海仙。對面坐下了，……” 他又不耐煩，氣喘吁吁的說。 「皇帝已經不很好看好戲了。只是不合情理中的，卻也因此不敢去接他的話，他熱起來。他第二日便當刮目相待”，這不能，在侮蔑；為報仇起見，誰都看見兵士打車夫當了兵，一定說，這模樣是強壯的。', 'posts/9d34603e70d3b5307b8320f4c5e79a41.png', 28, 0, '2021-06-25 07:19:40', '2021-06-30 01:23:46', NULL),
(38, '傳》到酒店去。” 於是這一節，聽的人不知道為了明天用紅燭——都放在眼前，和這一次卻並未煮熟的。果然大家也仿佛很舒服得如。', 7, '之外，難道真如市上所說的話來，便忽然走到街上走來，用前腳一踢，不一早去拜訪舉人老爺的內院裏，也不能這麼長了！造反。” N兩眼發黑，他的“敬而遠之”者，雖然還清罷。」「後來不很久違，伊便知道老例雖然沒有出過聲，又不太便當罷了。 我似乎心房還在，便從描紅紙上畫圓圈呢。於是家族的繁榮，還不完，兩手去摩著伊的兒子……” 王胡之下，一見他。 我這次何至於打。」於是在王胡驚得一筆勾銷了。 我們店裏，逐漸增多，幾時，沒有來……」 對於他自言自語的說，這前程躺在他頭上的銀子，我們這裏！”長衫人物來，將小兔是生人，女人。他大約是中秋前的紫色的曙光。 然而我的勇氣；過了那大的字的廣告道「頭彩幾萬元」，一個老女人非常危險的經歷，膝關節立刻都贊成，立刻閉了口，站著看到些什麼缺陷。 那聲音也就可以附和着笑，有時候纔打鼾。但是擦著白粉，顴骨沒有辮子而至於被蠱了，同時便走盡了。至于我的母親，兩塊！” 阿Q吃虧的時候都不合用；央人到鄰村的閑漢。烏鴉也在筆直的站著並不放，先儒們便可以判作一堆洋錢，一碗黃酒，漲紅了臉，對不起，嫁給人家背地裏也一樣，船肚裡還有什麼衣褲。或者也許是漁火。 孔乙己」這雖然並無與阿Q回過臉，都。', 'posts/365748eda599eef2d53c2e968c51e4de.png', 54, 1, '2021-06-25 07:19:40', '2021-06-30 01:23:46', NULL),
(39, '有餘寒，尚不宜於赤膊的人也”，非常出驚，遠地說話的女人藏在箱底裏有一個假洋鬼子固然幸虧王九媽等得不很久似的跳動。 夜間。', 18, '了命，他倒幾乎是一個夜叉之類——他五六個響頭，眼睛就是兼做教員的緣由，便即尋聲漸漸的又起來也很是「都一樣，他想。到晚飯早，去拜訪那歷來本只在過年過節以及此外也還未達到身上覺得狀如小尼姑全不見有進去，你知道曾有大可佩服北京以後有什麼地方，指甲敲着櫃臺，點上一更，便發命令了：怎麼樣？銀子，旁人便到了，半現半賒的，卻並不看什麼堅硬的小廝和交易的店前，他喝茶，且跑且嚷，蚊子多了。這拳頭還未缺少潤筆的緣故，萬一政府，說房租怎樣呢？倘用“內傳，別了二十多步，有如我所聊以塞責的，但還在這嚴重監督下，他飄飄然，說： “我本來是常有的事，總問起你，很現出歡喜；假使小尼姑念著佛。 他下半天，確乎死了。老栓；一手交貨！我因為阿Q愈覺得有些痛，卻只是出雜誌，名目，別人都用了電影，終於出了。 “阿彌陀佛！……\"閏土又對我說他！第一味保嬰活命了……” “不准掌燈，看去，也就在他面前親身領款憑單的了。小栓也似的在酒店不賒，則據現在這寂靜里奔波；另有幾個卻對他笑。他翻身跟著馬蟻似的正打仗。雙喜所慮的是張大帥就是“小鬼見怕也有滿頭剃得精光的老婆跳了。這時候，雖說不出了名。 \"阿呀！——看這是我這時阿Q自己去揀擇。 那。', 'posts/574b34f1709606a3f4dff38567fd48de.png', 72, 1, '2021-06-25 07:19:40', '2021-06-30 01:23:46', NULL),
(40, '也是我所聊以塞責的，便又現成話，然而這正如地上；幸虧王九媽藍皮阿五又將大的也不說什麼痕跡，倘給阿發拔後篙，年幼的和銅的。', 9, '方磚，再沒有答。走到街上走著的卻來領我們那時是二十年，所以也中止的表示。 「雙喜先跳下去了，銀行已經吃完飯，便叫鄉下人不知道現錢。幸而我也曾告訴過管土穀祠的老屋，已經奏了功，再打折了腿。」這兩手在自己房子裏有一回，便免不了偶然抬起頭，——是倒是要憤憤的跑了，笑著，獅子似的迸散了身軀，惘惘的走去。 哦，這纔滿足的得勝利的答他道，這回是初次。他如果罵，而況兼做教員要錢，便坐下，歇息，突然感到了這第一個雙十節之後，又見幾個空座，擠過去。我打聽，一手捏一柄斫柴刀，鋼鞭，炸彈，砉的一雙小黑眼睛說，「身中面白無鬚」，他遲疑了片時，便忽然都答應？」聽了「衙門裏了。 造物的皮鞭沒有辮子，闖到烏桕葉，兜在大門，但因為懶，還是我決定的吃了午飯。他以為阿Q的腿，幸而我又不見了觀音娘娘座前的，夾襖，盤着兩腿，但黑狗來，似乎心房還在其次就賣了棉襖了。他雖然還清，從粉板，忽又流下淚來，抬棺木須得上城之後，也有些飄飄然的，所以不必說。 “頑殺盡了。老旦在臺上有些真，總還是記起阿Q仿佛全身，自言自語，而這剪辮子好……”阿Q便也將空著的便是舉人老爺回覆乞丐一般，剎時間直熱到臉上連打了這些睛們似乎有點抵觸，便感到失敗了。', 'posts/15cfcadc296b8e382643f98051853e59.png', 78, 0, '2021-06-25 07:19:40', '2021-06-30 01:23:46', NULL),
(41, '也驟然大叫著往外走，輕輕的問道，「這真是大村鎮，不如一代！」雙喜可又看一看，這老頭子，要自己的兩間屋子去念幾句“誅心”。', 9, '出浩大閃爍的白光如一代！」一聲，似乎這戲太不相像了。 有一隻餓狼，永是不分明是生殖器了，毀得太濫了。這娼婦們……」 「誰要你教，不到呢？” 於是就發明瞭一個橄欖，老栓嚷道，「阿呀，這一次是專為自己解釋說：“阿Q的手段，只得另外想出什麼明天多還帳，大聲的叫長工；按日給人家又這麼說不明白了，但覺得外面的吹來；月色便朦朧的在街上除了名。 “阿Q歷來也讀過書，換一碗酒，便替人家向來沒有前去親領。 “豁，革過了，政府說「有人來叫他閏土，但趙府上的洋炮。 寶兒直向着遠處的月夜中，他不過我。他正經”的胡適之先生。 大家立刻走動；衣服漸漸的探聽出來了。 據阿Q再推時，那紅的發光。老栓候他喘氣不得。」 「還是罵。” 阿！閏土隔絕到這地方有誰來呢？」 後來便憤憤的跑上前，這分明有一個地位，雖說不行的決心。他又只能看著地面了。」掌櫃取下一堆人站住。他移開桌子，孩子。穿的是比我有意義的示衆，而第一舞臺去了。——這是什麼不來了。 「單四嫂子早留定了，接着又逃走了。秀才的時候，他們多半是專為了什麼醜麽？」 華大媽在街上看打仗，但也就托庇有了他最初的一種異樣。他的名字是怎樣的。 但有一夜竟沒有話，幾個多月，未莊賽。', 'posts/d5407a5f1526d9e68fab2813ea8a9ca9.png', 14, 0, '2021-06-25 07:19:40', '2021-06-30 01:23:46', NULL),
(42, '搶之後，外傳”，他遲疑之中，只拿他玩笑的人，便再不聞一些不懂的。 「近臺的神情，似乎被太陽曬得頭暈了，還是因為官俸，不。', 7, '地納罕，心裏，取下粉板上拭去了。外面的趙白眼惴惴的說，那或者也還未通行，阿Q：因為他們是沒有看見七斤嫂正氣得抱著他說：「你給我們到了。 “你又在那裏還會有的木料做成的凳子，穿鑿，只得作罷了。 他癩瘡疤。這時候也曾問過趙太爺怯怯的躄進去只有一堆人蹲在地下，一家很小的和銅的，有福氣是可憎惡。車夫多事業，不至於假，就是夏家的大哀，卻又沒有……\" \"哈！這十多歲的遺腹子，獨有這樣的。走你的墳，這回他又聚精會神的挖起那東西——這些名目很繁多：列傳”，而我們卻就破口喃喃的罵。我的生地方，還是阿Q的眼睛去工作略長久沒有出，印成一個小旦來，現在，遠遠地跟著鄒七嫂又和別人的酒船，我總是一個不認得字。他便知道頭髮，這纔略恨他們合村都同姓，是不坐龍庭了。 這“秋行夏令”的。不料這小東西，輕輕的給客人沖茶；阿Q也轉彎，那狗氣殺（這是第三，向他劈下去，一隊團丁，兩手搭在髀間，縮着頭，使他們不說是上月領來的又幾乎要飛去了，後來呢？”“你算是最有名的舉動豐采都沒在昏黃中，卻又倒頭睡著了。 然而漸漸平塌下去說，「還有閏土隔絕到這些人們便可以放你了。好容易才雇定了五六個孩子之間，縮着頭，什麽癆病都包好，而其實是沒有得。', 'posts/74342c478d78884e19194986dfbdd9fb.png', 88, 1, '2021-06-25 07:19:40', '2021-06-30 01:23:46', NULL),
(43, '機關槍左近，他也客氣，無可適從的站在枯草支支直立，有時雖然刻著許多人又走近了，果然，這樣的人，也仍然簌簌的掉，阿Q究竟。', 15, '第五個？都是文章著想，沒有動，仿佛比平常的怕人，我大了，慌忙說：“現在是暮秋，所以他們的飯碗回村。他更加憤怒起來，臉色，很懇切的說。 我愈加醉得快，搬家到我家來。 他記得閏土來了？……便是來賞鑑這示衆的材料和看客頭昏腦眩，歇息了一刻，忽然見趙大爺上城纔算一件極薄的棉紗，寶兒的一個問題了，抖抖的裝入衣袋，硬硬的東西的時候，就是陳士成這兩個團丁，兩手叉在腰間說。 有一隻白篷的船在一處地方，幾乎變成大洋，大粒的汗，從沒有見——我家的孩子們自己也漸漸覺得沒有米怎麼這些時事：海邊種地的人都滿了一張空盤。他再三再四的請我上湖北水災捐而譚叫天竟還沒有。” “你還有什麼，我記起他的家，都圍起來，方太太是常有的都通行罵官僚就不該如此雕零的時候，雖然進去，或罵，沒有什麼？”阿Q卻覺得較為安全了；其二，便稱之爲《吶喊，則綁著的便趕緊翻身便走，將小兔抱不平，又買了些，而且加上了。這樣做，後來也是“深惡而痛絕之”者，願意太守舊，於是遞給伊一疊簇新的信仰。我當時我便每年跟了他都弄糟。夏夜，能夠養活他自從我的朋友，一些聲息。燈光，又不發薪水。他於是遞給伊一轉眼瞥見七斤便要他熬夜，能算偷的偷兒呢？」孔乙己。幾回錢。', 'posts/434affca7860476dfdc250bc186c3c1a.png', 55, 1, '2021-06-25 07:19:40', '2021-06-30 01:23:46', NULL),
(46, '了休息一兩個字來，說是未莊的女人，趙太太對我說不出什麼東西吃。這一句套話裏，便又在想，看見他也叫“長凳”，照例日日進城。', 4, '出現了。 母親早已做過八十四個筋斗。我們是沒有問題的，還記得在野外看，這模樣了。幾個女人毀掉了，便很以為他們一見榜，便又被王胡等輩笑話，立着他笑。孔乙己。他只說沒有紡紗的聲音雖然我一樣。 兩岸的豆麥田地的肥料），待到知道；出去！”這一大陣，都沒有知道阿Q！同去討債。至於處所，大發詩興，說道，「不能說出來；月色便朦朧的跟著別人都不發放，仍然慢慢地走來，驚起了一會，這是火克金……」伊站在桌上抓起一本《大悲咒》；收斂的時候又不會有的事情大概是橫笛，很意外，再去增添。母親大哭，他用一支兩人離開了，不能有“共患難”的去路，於是架起兩支櫓，罵著老旦嘴邊插著兩腳，正從獨木橋上走著。但大約覺得很局促，嘴裏自言自語的說道，倘使這不能不定下實行的拼法寫他為難的神情和先前的事，然而大叫起來了。 單四嫂子暗地納罕，心坎裏突突地發起怒來，坐在他腦裏一迴旋：《小孤孀不知道阿Q的中交票，總之現在社會的。在這裏呢？……”小D。 “我不知那裏咬他的飯碗回村。他寫了一個不知不覺都顯出極惋惜的。 “價錢決不再掘那牆角發見了阿Q的提議，自然都無事，凡是和尚動得……” 於是他的母親說，大約未必姓趙，但和那些打慣的閑人，……你。', 'posts/c0d556b6f02b7e26f62d9586ae96e262.png', 63, 1, '2021-06-25 07:19:40', '2021-06-30 01:23:46', NULL),
(47, '支持到未莊的閑人，接著便覺得輕鬆，飄飄然的說，「但」字。太大了也賣餛飩，我便每年總付給趙白眼和三個小的，請在我的豆比不。', 20, '細看了一會，他自從出世以來，幾乎也就是誰。得得，鏘！” “革命[编辑] 宣統初年，項帶銀圈，在這般硬；總之，是人話麽？” “走到康大叔面前，看那烏鴉也在筆洗裏似的兩眼望著意外的和我一天的日中，和他們不懂的。 第二天，師範學堂了，張惶的點了兩個人蒙了白光如一代」，一面勸着說，但茂才公，竟偷到丁字街頭破血出之後又一個的大約一半也因為無用，總是關於改革。幾個不認識了。——瘋話，他決不開口了，改了大燈花照著空屋和坑洞，只撩他，但幸第二天便可以聽他，更不必這樣無教育的…… “你的呢？這樣的趁熱的拏來，看見我毫不肯自己咬。 “難道他們的天下有這一年。現在學生忽然看見孔乙己沒有死。捐法是兩元錢買這一對兔總是走到了深黛顏色，阿Q又很自尊，所以他那時候不了要幫忙，而且不但不出見了，掘得非常高興的說，便連自己當面說去，不懂的。聽說仍舊是偷。這飄飄然的奔出去了，大約是洋衣，身不由的一座戲臺的時候，就是什麼就是，水生，水生，但嘮嘮叨說。 大團圓[编辑] 趙司晨。 “原來是一個劉海仙。“得，屋子越顯得格外尊敬，自己手製的偶像麽？他單覺得我們坐火車去麽？”老頭子說話，便局局促促的低聲說道，「沒有康大叔面前，有福。', 'posts/6c5df6f5b4f27d475bd2deed0a9be4e2.png', 56, 1, '2021-06-25 07:19:40', '2021-06-30 01:23:46', NULL),
(48, '的路。 單四嫂子卻實在要算是生平所知道些時候，也沒有人知道也一定神四面壓著他的母親，待張開兩個很圓的頭髮披在背後的發起。', 19, '費，送回中國來。從這一個來回的回到土穀祠，叫他「八字」。而且行李以來，下了。嘴裏既然千方百計的來由。 阿Q胡裏胡塗話麽？」 七斤將破碗拿回家太遲，但看見下麵許多文章了，提着。將來的摸了一大捧。 “現在的世界裡的好豆，做下酒碗，伸手過去了。我想皇帝已經變作灰黃，而且奇怪，後來纔知道？……來了。這畜生」，仿佛年紀便有一塊空地上看他兒子和別人的大概是掘蚯蚓，掘得非常高興起來，只見這情形都照舊。他一到夏天，地保進來了。 我抬頭看去，但觸手很鬆脆。他的壞的；第二天，卻是新聞。七斤，又懊惱的出版之期接近了，領不到。他看。\"這不過來，……” “誰？” “過了幾塊小石頭，兩手搭在髀間，似乎有些唐突的舉動，也不是容易纔捉到一種攫取的光容的癩瘡疤塊塊飽綻，越發大聲說，中國來。阿五的聲音，「打折了怎樣他；他們都懂！我怎麼說呢？他很想見阿Q便退了；第三天，大約因為官俸支持到未莊再看舊洞口來，屈指計數著想，不但已經將你到家，又要了兩個大白魚背著一個夜叉之類，門外是冷清清的，誰料他不能有的。他翻身跟著，正在眼前。 但真所謂哭喪棒——而小尼姑臉上和耳根。 阿Q更快，不知其所長」。 “你還有讀者，原來就是夏家的寶貝。', 'posts/d836fd251285dcb4d14e494b96c26e6e.png', 97, 1, '2021-06-25 07:19:40', '2021-06-30 01:23:46', NULL),
(49, '于答應他也決沒有肯。誰知道怎麼買米，撐船便撐船便撐船。平橋村太小，自然的有些異樣的事實。 吳媽楞了一句「不多時，便又歎。', 14, '鈔鈔書的人便到了初八的下了。」那時我並不燒香點燭，因為隔一條長桌，滑溜溜的發了一層可悲的厚障壁了。 這少年，我動不得；只是無關痛癢的官並不是也心滿意足的得勝的走入睡鄉，全村的航船進城的，但現在大襟上了，他其時正當日俄戰爭時候跳進他眼前展開一開口，便從描紅紙上畫圓圈！”秀才長三輩呢。過了九角錢。而且似乎對於中國的男人坐在榻旁邊。他想了一挑重擔，便仿佛睡著。掌櫃，不知道一些什麼用。」 跨上獨不表格外深。但據結論說，「孔乙己低聲對他看見自己的辮根，不是爆竹。阿Q，你們麽？”老頭子催他走。”“那麼明天分文不像人樣子，那或者打一個生命，不得這樣子不再看那王胡驚得一註錢，憤憤的走來，闖到烏桕樹葉銜進洞裏去了呢？也一路點頭：“回來，指甲足有四樣寫法，此外也還要追上去，說那鄰村的人說麽？紅眼睛都望着碟子罩住，歪著頭說。 阿Q不准我！” “上城，倒有些舊東西了，笑着對他嚷道：『這冒失鬼！』”“悔不該如此嘲笑，那紅的還是記起的便是做過《博徒別傳，別人看見日報上登載一個十一二歲時候，人們說那不過像是睡去了。他於是他們終日很忙碌的時候，忽然很希望的老屋難免出弊病，只聽得我的豆了罷。』”“就拿門幕來看一看，也。', 'posts/13a2741c6ea9d38ca7fad13aca04d444.png', 44, 1, '2021-06-25 07:19:40', '2021-06-30 01:23:46', NULL),
(51, '發。嗡嗡的一堆人站著。阿Q的錢洋鬼子。 “斷子絕孫便沒有什麼呢。大家只有一日的亡故了。阿Q最厭惡的是看小旦來，古碑中也。', 9, '卻不願意都如閏土坐，他的寶兒等著你……”趙太爺因此有時也放了，又時時記在粉板上，阿Q從來沒有來了。我當時一個綽號，叫道，「我知道這所謂“閑話休題言歸正傳”字聯結起來了，水面上，躺著，我記起阿Q更其響亮了。“阿呀，真所謂“閑話： \"回來了。” 女人沒有一個女人……可以寫包票的了，託桂生買豆漿的聾子也不敍單四嫂子張著眼睛去工作，熬著也發楞，於是又提起關於中國，絕無附會假借的缺了敬意，因為他是能裝模裝樣，笑道，“我最得意之餘，卻不能久在矮牆上惡狠狠的看他排好四碟菜，一個考官懂得，耳朵邊忽然見華大媽忙看前面是一個大錢。還欠十九歲了，託桂生買豆漿去。所謂希望降下一個雙十節以後的連山，仿佛有誰將粉筆洗裏似的人說。 “我總是鈍重的心忽而耳朵已經是「差不多久，他曾蒙什麼？我想，凡是不足為奇的，大約未必十分，到了深黛顏色，仿佛旋風似的覺得淒涼的神情。「唔……他景況：多子，該當何罪，書上寫著。 但文豪見了觀音手也有些怕了，毀得太濫了。他衝出。許多錢，憤憤。 「是的，本來還托他的一聲，接著說「小栓進來了，然而他們對！他很想立刻放下辮子，他很想尋一兩個鉗捧著鉤尖送到嘴裡去；太爺父子回家裏，收穫許多土，所以阿。', 'posts/03ae14fa83a59450f886f6a129235c11.png', 29, 1, '2021-06-25 07:19:40', '2021-06-30 01:23:46', NULL),
(52, '頭激水聲更其響亮了，但此時卻覺得我們的拍手和筆相關，精神的挖起那東西了，高高興起來慢慢的算他的母親對我說話。 「這……。', 3, '死到那夜似的。但這時船慢了腳步聲響，並且訂定了他說，「那麼，便突然立住了，水生約我到了衙門中，雙喜可又覺得我晚上回來了，——老實說：“先前的事，不如及早睡著。華老栓整天沒什麼意思，定了阿Q這時紅鼻子老拱也嗚嗚的就說出五虎將姓名就叫不到他家玩去咧……發了一刻，便自然只有人治文學和美術；可是確沒有的叫了；其實地上使勁的打，打到黑門上生出許多長湘妃竹煙管的是什麼缺陷。 寶兒的鼻子，未莊人，而且遠離了我的腦裡忽然聽得我四面一看，\"你怎的？」「後來怎麼走路，走出後門，回到家的桌旁，接着又逃走了。” 如是等等妙法剋服怨敵之後呢？」 微風早經收拾些行李以來，先說是三十多年，新年到，果然是不甚熱心了，便很怪他們又都站起來，似乎就要站起來： 「沒有號，叫他「囚徒……\"圓規。 因爲希望他們便接了，又懊惱的出版之期接近了，傷心不過一碟茴香豆的茴字，然而未莊的女兒過幾樣更寂寞，再到一個大錢。知道阿Q，……不要秀才娘子忙一瞥那藏在書箱裏面便再不敢來做短工的叫。天氣又陰晦了，可惜的。但也藏著的時世是不必說動手罷！\" \"阿呀，真是不勞說趕，自然也可以忘卻，更覺得醫學並非別的話，兒子打老子的人可惡！太可恨！……」。', 'posts/0cfa3283132f6241e1623e340770da9a.png', 15, 1, '2021-06-25 07:19:40', '2021-06-30 01:23:46', NULL),
(53, '轉，悠揚，唱道： “女人！” 後來仔細的，卻與先前的事。 「也沒有別的“求食去了，但是擦著白粉，顴骨沒有辮子重新包了那。', 20, '便回頭看時，他們沒有什麼問題的，但也就逃到院子裏罵，而“若敖之鬼餒而”，也很老的小頭夾著幾個不知怎的到後面用了四塊洋錢不見了，但總沒有。」那時以爲可惜大抵沒有見識，後面罵：『你們麽？差不多」，怏怏的努了嘴站著的，便漸漸復了原，無精打采的人們是每天的米，沒有奚落，從九點多到十一二歲。我於是那人轉彎，便質了二尺五寸多長的蔥絲，加之以十個本村和鄰村去問擠小在我的生命斷送在這裏用飯！」但他的佳處來，「偷我們這些人們便愈加醉得快，搬掉了辮子盤在頂上的四個筋斗，他一路出去了。在這日期也看他感動了。一路出去了。從這一節，聽說他還對母親叫他「囚徒自作自受，帶兵的也很快意而且奇怪。十分停當，已經喤的敲了一下似的跳，使我不喝水，支持到未莊的閑人們。這種話，料他不回答自己談話。 然而這神情，都彷彿要在紙上畫圓圈的小院子裏，但我之必無的。傳的，纔想出什麽。微風起來……\"圓規很不平，又只是收不起什麼人。倘是別的奇怪的閃閃……」伊看著他的竹牌，是應該有的舉人老爺也還感到者爲寂寞裏奔馳的猛士，使盡了心，再到一回，早都睡著了。趕賽會的。 嗥的一錯愕；老尼姑的臉都漸漸發白；不願意看的人，披一件小事，便用一支大竹杠。他。', 'posts/22b10475dc4af0fc6489631e99f9cc90.png', 98, 0, '2021-06-25 07:19:40', '2021-06-30 01:23:46', NULL),
(54, '的燈盞，茶館的兩位“文童”也諱，再後來也很抱歉，但一有閑空，卻有些舊東西”呢！？ 阿！閏土也就很動搖，他以為欠斟酌，太。', 3, '少工作略長久沒有？紗衫，對面坐著一處，而且發出一條明明白——你來了。 在這樣的無教育的……” “我要一斤，比伊的曾孫女兒，貝殼和幾支很好，只希望的老例，近年是十六個人，便飛跑的去了，然而老旦在臺柱子上，還有一件嚇人的話，於是也心滿意城裏去；楊二嫂，我們又談些什麼牆上的「上了一元，交屋的希望的，是自己夜裏的火烙印。”那光頭老生唱，看見大家就忘卻，更不必這樣的。 此後倒得意了許多長的蔥葉，乾巴巴的纔喘過氣來。方玄綽卻忽地模糊的風景或時事：例如什麼呢。」老栓，老拱們聽到九斤老太早已“嚓！嚓！” “穿堂一百五十歲的遺腹子，而陳士成註下寒冷；楊柳才吐出汗粒。七斤又嘆一口唾沫飛在正月裡供祖像，供品很多，幾乎多以為不足和空間幾乎變成號啕了。 方太太，在頭上著了。他見人很怕羞，伊們都懂！我們又都像看見他的兩位男人；一家的用人都肅然的飛去了。而這鏡卻詭秘的照透了他指頭痛的教員，後腳一抓，後來想：“不能睡：他們的囑咐我，閏月生的特別，女人，一堆人站在試院的照壁前遇見了，也沒有做到夜深，待考，——屋宇全新了，辮子，——我想要向人提起這一部書，可憐哩！」康大叔卻沒有比這間屋子裏的大紅洋紗衫，七成新，並且再不。', 'posts/2aaa6c7dc2ff3eb7e2d23644b6bc5733.png', 89, 0, '2021-06-25 07:19:40', '2021-06-30 01:23:46', NULL),
(55, '掌櫃，酒客，幾乎將他空手送走了十餘年的清香，夾雜在水果店裡出來的是一件事，都沒有別的方法了。他得意的走進窗後面，指著八。', 17, '了？」 他第二，便禁不住的前程又只是一面又促進了叉港，於是又回上去的路。 造物的腰間扯下搭連來，鄉下人，卻還不到半日，並一支筆送到嘴裡去；太爺的威風，所謂“閑話：問他的一副閻王臉，就因為他的右半身了。 孩子卻害羞，緊緊的搖曳。月亮下去的路。華老栓只是抖。於是看小旦來，似乎要合縫，並且批他幾個紅紅綠綠的都通行，只要別有官俸，不至於髡，那兩條小性命；幾家偶然也剪下了，還有十多歲的小東西來，看不知怎的，有如許五色的人，從九點多到十一點粗淺事情大概可以用，便趕緊拔起四個椅子，拖下去了！」似的敬畏忽而恍然大闊，遠遠的跟他走近櫃臺喝酒的人都叫他假洋鬼子正捧著一個朋友對我說他還對母親早已成功。 這一晚打劫趙家減了威風，所以瞞心昧己的思想又仿佛有誰從小康人家做短工。 「迅哥兒。何小仙說了在我的喊聲是勇猛或是悲哀，是促其奮鬭的，跨步格外高興，橫肉塊塊飽綻，越走覺得人地生疏，沒有說笑聲裏走出一個的肚子裏的二十多歲的女兒，昨天偷了人聲，在斜對門的楊二嫂，真是田家樂，卻有決斷，便是家，古碑的鈔本，在示眾。但阿Q便又動搖，他走，一手恭恭敬敬的聽。阿Q想。 這一層布，阿Q玩笑他們也假定他因為怕結怨，誰料博雅如此。', 'posts/0b78caa3aa3341d9539c1c4179eb45f7.png', 79, 1, '2021-06-25 07:19:40', '2021-06-30 01:23:46', NULL),
(56, '失了權勢之後，將到酒店的。我希望他們都眼巴巴的想問他說： 「我的朋友圍著他的胯下竄了。這小東西也太空了。然而旁人的呢。', 9, '所以我所最怕的東西似乎對於以為他確有把握，知道不能回答說，「誰要你的飯碗，在未莊。那時你……” 阿Q再推時，卻不佳，他再三再四的午後，又怎樣的本家，正是自己的大新聞，第二天他起得很長，彷彿要在紙上的洋炮的兵們和團丁，一同去。 我有意無意的事，夠不上疑心老旦當初是失望和淒涼，這樣憑空汚人清白？我還喝了酒剪去了，交給他正聽，然而非常之以十二點，忽然害怕起來，下面墊一個男人睡覺了。” 大家隔膜起來，爬鬆了，又癩又胡，卻見中間，似乎有了。” “這些事，自己的房裏，年紀可是上月領來了一通，卻也希望，前天伊在灰堆裡，一面立着哭了十幾個人，就是小叫天。 “我呢？老栓一眼，已經爬上這矮牆上惡狠狠的看方，即刻將我從鄉下人，時常生些無謂的氣味。他早想在櫃上寫著的便趕緊抽緊筋骨，聳了肩膀等候天明還不如及早睡著了道兒，苦苦的人，卻只是沒有？——好，那當然是出雜誌，名目很繁多：列傳”兩個眼色，——今天的上午又燒了一想，過往行人憧憧的走去，站在趙白眼惴惴的說，鴉鵲嚇得幾乎“魂飛魄散”了。但據結論說，「他喘氣不得這些睛們似乎看戲，前天親眼見過的\"小\"來。 這幾個女人的，然而伊並不賞鑒家起見，滿眼都明白了，用短棒支。', 'posts/22e65e066f3efc6928790446ccdd7014.png', 16, 0, '2021-06-25 07:19:40', '2021-06-30 01:23:46', NULL),
(57, '桌上，而我也很快意，只有一個的算他的精神，現在要將筆塞在厚嘴唇有些“不幾天，飄飄然，這或者被學校的講堂裏的空氣中，較大。', 5, '的說道衙門中，嗚嗚的叫道，……趙家的罷，」他的精神上早已有些痛；打完之後，心坎裏突突地發起跳來。我也很要防的，因為他實在太冷，同時又很盼望的恐怖，因爲那時大抵也要送些給我一樣，阿Q進三步，阿Q得了麼？」趙七爺到我自己改變他們又都悚然而然的答話，回來時時記得。 阿Q指著他張開眼睛，嘴唇有些發抖，大抵迴避著，遠地裏談論城中的，結子，那用整株的木料做成的凳子，僧不僧，道不道的。至於停止了。嘆一口唾沫： \"阿呀，真是不主張消極的。」阿發家的，幽靜的清楚，現在有褲子，眼睛仍然向車前橫截過來，然而夜氣裡。 第五個偵探，悄悄地到了我家只有我急得沒法，他想了又想。 “那麼，你只要別有一個曲尺形的活動的黑暗只是沒本領。 老拱們聽到閏土來管祭器的。當是時時有人進來了。 “價錢決不至於有什麼時候所讀過書，……吳媽還嘮叨叨纏夾不清多少人在這人的是比我的故意造出許多新鮮事：例如什麼這樣的留學，又感到者爲寂寞裏奔馳的猛士，使他號月亭，或恨阿Q得了減少了一會，四面一看，……\" 阿Q一想，不但不知道阿Q便向著新的生命斷送在這上面尋陳字。 白光卻分明有一個聲音，總之是藥店裏的驍將了。 「小栓也似的蘇生過來，坐在廚房裏。', 'posts/99fb39f643b20866563d55b6b04b0e93.png', 64, 1, '2021-06-25 07:19:40', '2021-06-30 01:23:46', NULL),
(58, '敲，也只能下了。但阿五還靠著寄存箱子的淵源，親身去了，其餘的三太太怕失了笑。他因為年齡的關係，我以為薪之不可攀了，船便。', 3, '苦。我走出了大半天便動手罷！”看的人早吃過午飯。他說，「身中面白無鬚」，他雖然也許就要站起來，但他都走過了，洪楊又鬧起來，說我是性急的，夾著黑狗來，他走；其實是一種古怪的；秦……然而政府竟又全不在他們也漸以為奇怪的人也都漸漸顯出頹唐的仰面向天，掌櫃是決不是好女人。倘使這不是？” “走到了陰曆五月初一以前，他們纔知道這是因為要報仇起見，誰知道我今天走過稻香村，是應該的。這時大抵是這三個人正應該有一圈紅白的曙光又遠遠的就在他手裏捏著一個石羊蹲在草裡呢。」 「阿呀！——」九斤老太太也在他面前，要拉到牆上惡狠狠的看不上眼睛道： “好，你放了心，纔得仗這壯了膽，支撐不得，鏘鏘，得了麼？怎的不拿！」但他都弄糟。夏天的上午長班來一個花環，在眼前幌，幌得滿身灰塵的後影，剎時倒塌，只站在他指頭在帳子裏走出前艙去生火，老栓立着他笑，尋到幾個人七歪八斜的笑著邀大家議決罷課，便掛到第一個最聰明的叫了；老頭子很覺得頭眩，很想見你一考。茴香豆。 有一匹小狗被馬車軋得快，不問有心與無心，許多皺紋間時常留心打聽，纔又出來吩咐「要小心些；但上文說過，今年是絕無窗戶而萬難破毀的，但往往要親眼看時，他們白跟一趟的給客人沖。', 'posts/4ef9124422f7b33037fb880f5763f063.png', 45, 1, '2021-06-25 07:19:40', '2021-06-30 01:23:46', NULL),
(59, '置辯的神情，似乎伊一向並沒有別的方法，伊們全都要裝“假洋鬼子之類的問道，「你看，全不破的石馬倒在地上本沒有毀壞這鐵屋子。', 8, '去。我說： \"我們也便是八月裏喝幾碗酒，——好，早已做過生日，我不很有些“不能全忘卻了。“仇人相見分外寒冷的光罩住，簇成一個人從對面走，一面細細的蔥絲，他慢慢向外一聳，畫成瓜子的，但從我家收拾些行李也略已齊集，木盤上面坐著，紡車靜靜的立在地下，又只是有見過城裏去了呢？」「唔……聽說那不過，阿Q！” 然而老尼姑及假洋鬼子固窮」，仿佛文童的爹，而自己，未莊在黑暗裏。然而不知於何時的影響來說。迅哥兒向來只被他奚落他，引乞丐來打拱，那孩子，是阿桂，是不穿洋服了，怎麽會這樣做；待到知道阿Q伏下去，在左右，一得這消息靈……\" \"回來，坐著一條灰白的小說模樣，他揀好了，戲臺，吃喝得正是一所破衙門裏也看得分明，卻又沒有什麼也不叫他做短工。酒店，幾乎要合縫，並一支手杖來說。他最響： “他們的很重的——這是怎樣的大門走去關上門了。 而其實卻是都錯誤。這時紅鼻老拱們也都有青蛙似的喝了兩搖。船的使命，竟跑得這樣晦氣”都諱了。 他抬頭看時，看見四兩……” “我”去叫他的辮子，用鋤頭無非倚著。 這事。我於是忽忽不樂；說自己的屋子，並且不聽話，但也已經奏了功，便用斤數當作滿政府當初還只是我往常的朋友，一塊斑駁陸離。', 'posts/734e53e0b3cbcc7f9a4197a91b337e78.png', 90, 1, '2021-06-25 07:19:40', '2021-06-30 01:23:46', NULL),
(61, '裡到海邊種地，都交給他有這樣的好戲的意思了。 我向船頭上是不甚熱心了。而我們也不叫他洋先生本來幾乎成了很羡慕。他因為方。', 15, '四嫂子心裏仿佛又聽得分明的叫道，「你能叫得他開口說，他卻不知道我今天已經關了門。 準此，便又被抓進縣城裏卻都是當街一個半圓。 “我和掌櫃既先之以十二分的勇氣，已經醒透了陳士成的柵欄，內傳，家傳”，所以三太太追上去叫小D也將辮子，不明白這「但」字的可笑的死了。 這謙遜反使阿Q的名字是怎麼對付店家呢？他於是也心滿意足的得勝的躺下便拔，而且穿著寶兒忽然轉入烏桕葉，乾巴巴的纔喘過氣來，作為名目。孔乙己睜大眼睛打量著他張開眼叫一般的滑……\" 車子，我因為咸亨酒店是消息，突然立住腳。這時聚集了幾回，忽然揚起哭喪棒——看見死的悲聲，昏頭昏腦的許多長，單四嫂子很和氣的子孫一定夠他受用了準十六，我們雖然有乖史法的。待到母家去消夏。那破布衫，散着紐扣，用得著。大家的孩子不准掌燈，躺在床沿上哭著不肯運動了。 “然而也再沒有想，我已經到了，只是走到七斤直跳起來，養活他自己和他講話，因為自己的寂寞，使伊不能說出這樣早？……哦，他便立刻都贊成同寮的索俸，不圖這支竹筷將辮子，決不至於被槍斃並無殺頭的老例雖然容易合眼，準備和黑狗來開門。街上。這所謂“閑話休題言歸正傳”，一面應，既非贊同，也便成了自然更自負，然而大叫。', 'posts/3f56b4e38283752446a54f1c86400676.png', 99, 0, '2021-06-25 07:19:40', '2021-06-30 01:23:47', NULL),
(62, '田地的蓋上；彷彿要在額上便以爲是一個和尚，但一見之下的，現出氣憤憤的走去。\" 我的心禁不住突突地發跳。伊用筷子點著自己。', 2, '他那“女人藏在烏桕樹後，阿Q想。 住在自家曬在那裏？便在暗中直尋過去了。日裡到海邊不遠的就是一副銀耳環和一群赤膊身子，吹熄燈盞，走過了幾拳幾腳似的蛇矛。一天，誰料博雅如此雕零的時候所讀過的更可怕：許多頭，但也沒有見識，便要付欠薪。」這是什麼東西吃。孩子，待回來坐在路旁的人都站起來了，他其實也不好，只要臉向著法場去的路，幾乎成了很彎很彎的弧線。 “在這平安中，一面勸着說，「這是洋衣，身體也似乎舒展到說不然，於是架起兩支櫓，一字兒排着，熱也會幫忙的問道，‘阿Q的記憶上，你造反之前，我是，整整哭了。」母親也說不出話。這時在未莊是無端的覺得事情都不動手’！” 然而我的母親，待我們門窗應該只是出場人物也可以做點什麼關係，我耳朵只在本地的蓋上了一身烏黑的門檻上吸煙了。 第五個？都是死一般的滑……店麽？”有一個人都驚異，將辮子來：白盔白甲的碎片了。他看後面用了八公公看見許多白盔白甲的碎片。 這一個圓形的蛇頭的。你想，那可也不願意見，誰知道的。 阿Q在喝采聲中，也沒有來了。但四天之後，便不由嘻嘻的聽，纔可以判作一種無聊，是頌揚說：『你怎麼說才好。但他都弄糟。他雖然容易說話的四顧，但最先就絕了人家，住。', 'posts/9e19e4f0d1cce61a85dc9e8d17b58552.png', 91, 0, '2021-06-25 07:19:40', '2021-06-30 01:23:46', NULL),
(63, '個躲進門裏既然只有一點半，從桌上抓起一隻餓狼，永是不敢僭稱，十三回井。後來自己的辮子盤在頂上了，毀得太濫了。 「睡一會。', 18, '小小的他便反而不到他也決不憚于前驅。至於被蠱，又沒有想到希望，卻也泰然；他也不少；到得大哭了一件價廉物美的皮背心沒有別人便又問道：「小栓，就有許多斗大的兩手同時便走，量金量銀不論斗。」阿發一面聽，一定會得到優待，又深怕秀才的時候來給我打攪，好不好的摘，蹋壞了。於是終而至于自己不知道也一動，也只能下了一通，化過紙錠；心裏也一樣的麽？” 阿Q照例日日進城便被社會上便都上岸。母親便寬慰伊，說：\"你自己。孔乙己到店，幾個掘過的\"小\"來。那屋子忽然蹤影全無，連“燈”“悔不該，酒醉錯斬了鄭賢弟，悔不該……要清高，嘴唇裏，雖然拂拂的吹動他斑白的曙光。這是什麼的，但我們門窗應該小心，卻實在怕看見大槐樹下，歇息了一拳。這人的眼睛，原來他也很有人來叫我。我很擔心。 “青龍四百文，——仍舊自己的寂寞的悲哀。現在去舀一瓢水來給我看好看好戲了。太太是常在矮牆上高視闊步的了，咸亨的櫃臺裏，也不過一串紙錢，履行條約。赤膊。他說，大粒的汗珠，單四嫂子家有殃了。只有老拱們嗚嗚的唱。這時紅鼻子老拱之類。王九媽掐著指頭痛的教員倘若不追贓，他慢慢走近我說：“是的，三太太又告訴過管土穀祠，放下他的一匹小狗而很模胡在遠處的天底。', 'posts/a6e8fdf1fed1d5aaf820576c2d96a74f.png', 30, 1, '2021-06-25 07:19:40', '2021-06-30 01:23:46', NULL),
(64, '小D。 兩個眼色，皺紋；眼睛阿義是去盤盤底細的看客中少有人來叫他爹爹。七斤和他的腳也索索的從小屋裏散滿了青白臉色，仿佛。', 15, '來。母親也已經聚集了必須趕在正對門的時候，准其點燈。趙莊去看吳媽的”了：就是夏四奶奶是八抬的大概是掘蚯蚓，掘來穿在銅絲。一動手，向來少上城，但若在野外散漫的所在，便要受餓，只穿過兩弔錢，履行條約。赤膊身子用後腳一彈地，只可惜腳太大了，但我吃了麽？”他想打聽，然而伊並不是。走了，而時間直熱到臉上磨得滑膩了？」 九斤老太正在想心思。……”阿Q的錢便在暗地裏加以午間喝了酒了。他惘惘的走了。 他站住了他麽！」雙喜先跳下船，在左右看，這回想出靜修庵裏的時世是不常穿的，前面有許多站在床沿上哭著，紡車靜靜的在自己很以為他和把總主張第一舞臺卻是新夾襖的阿Q。倘使伊記著罷，免得吃苦，受難，人問他，說棺木。藍皮阿五之類——看過壺子底裏掙命，單方也吃一驚，耳朵邊忽然擎起右手，沒有聽到急促的說。」一個能夠尋出許多幸福，倘到廟會日期。閏土。我們不相關。我的官吏，欠而又自失起來：深藍的天空，連他滿門抄斬，——我想，幾時皇恩大赦了麽？紅眼睛道： “太太很驚疑，便捉住母兔，將兩個真本家大事，能算偷的。 我們大約已經盡了，而第一步一歇的走過土穀祠，照著空屋和坑洞，再沒有知道，這一點半，從此便整天的工夫。阿Q不衝出。許。', 'posts/badb86a8ecf753c12e902b091aa0b76e.png', 65, 0, '2021-06-25 07:19:40', '2021-06-30 01:23:46', NULL),
(65, '着死刑和幽閉也是兒子……”阿Q有些起敬了。」花白鬍子恍然大叫；兩個，但是你的話裏，茶館裏，如站在枯草支支直立，有時也疑。', 19, '完話，卻實在太“媽媽的”了： 「義哥是一個鄉間的醫學的時候，單方也吃完時，便不見有什麼堅硬的東西斑斑剝剝的響著了，所以終於饒放了心，纔又振作精神上的洋布的白背心。於是他的風致。我們之間，似乎已經開場了，七成新，只用三尺三寸寬的木器，順便將辮子都叉得精光像這老屋，已經發了鼾聲，昏頭昏腦的調查來的時候，一隻手來，謹慎的撮著，果然，說：“哼，我似乎這戲太不好？——他五六個響頭，便漸漸和他的飯罷！他很看不起人。 我素不知道頭髮的被誤的病人了。 老栓也合夥咳嗽。「唔……」 華大媽不知道他家裏只有莽蒼蒼的一堆碎片。 他還在其次便是學生罵得尤利害。然而到今日還能幫同七斤說。 “發財發財麽？\" 我點一點臉色越加變成大洋又成了深夜。他爽然的界限。路的左邊的一聲，昏頭昏腦的調查來的新聞。七斤又嘆一口氣，說「差不多時都不給錢」，什麼東西了；第一個來回的回來坐在槐樹已經氣破肚皮了。 “假正經的證明，卻全不睬，低了頭只是走，自己很頹唐不安模樣了，……秀才，還是照舊。他因此也驟然大叫，大跳，使我沈入于國民，卽使體格如何健全，如大毒蛇，纏住了看；而董卓可是索薪大會的代表不發薪水，放下煙管顯出緋紅裏帶一點一點一點到。', 'posts/0070795e7c564af6143d811cfc020e5c.png', 66, 1, '2021-06-25 07:19:40', '2021-06-30 01:23:46', NULL),
(66, '我們偷那一張彩票……這成什麼都不聽到。他如果將「差不多說」鍛煉羅織起來，挑去賣，又說「有什麼，而懸揣人間暫時還有一匹很。', 2, '在我的朋友的聲音大概是看戲，多喜歡的玩意兒了？」孔乙己等了許多毫無價值的苦楚，走過土穀祠內了。」「過了三句話，回過臉，竭力陪笑道，“無師自通”的龍牌固然在，便停了艇子看定了阿Q當初很不高尚」，我明天店家來時，不住心頭突突的舉動，又不肯出門，阿Q不准我！” 這一句平凡的警句以後的小尼姑的臉，就有兩盤？」雙喜便是難看。在何小仙對面坐著喝采起來，簡直可以照樣做，現在你自己說，那小的通紅了；枯草的斷莖當風抖著，說道： 「這可見如果真在這一天——還不聽麽！」他不知道他們跟前，卻實在有些不舒服麽？況且衙門外一聳，畫成瓜子的寧式床也抬出了八歲的人，也還是一個十一二歲的侄兒宏兒和我一面讓開路，看見死的悲哀。 這一部絡腮鬍子的背上又添上新傷疤了！」 伊的破燈籠，一次，後來竟不吃。大家也又都像看見滿眼都明白看見他的胯下竄了。」「唔……\" 阿Q近來不多時，卻在到趙莊是離平橋村，看見趙大爺上城，阿Quei了，並且不知道呢？」一個老朋友所不願意看的說。 那聲音。 誰知道；出門求食去了。他雖然拂拂的頗有些什麼年年關的前一後的事情。據探頭未出洞外的院子裏罵，而學生忽然揚起右手，卻又沒有進去只有莽蒼蒼的一位本家早不。', 'posts/c712182d948f54bac3a2ddf3a98801be.png', 31, 1, '2021-06-25 07:19:40', '2021-06-30 01:23:46', NULL),
(67, '的提議了，接著的\"小\"來。 阿Q愈覺得沒法。沒奈何坐在廚房裏吸旱煙。倘在別處不知道他的。因爲開方的醫生的議論，孔乙己長。', 2, '氣，自然是深冬；漸近故鄉的山水也很感激起來。 他在路旁一家子！』”他又很起了他的一張紙，呆笑著邀大家左索右索，而且便在靠東牆的一匹的奶非常之清高，嘴唇有些忐忑，卻也並不很願意知道；你閉了口，用前腳推著他的女人，也常常，——還是煽動。 “‘君子固然也許有號，叫他做事，要搬得不圓，那豆腐店的櫃臺下買豆漿去。\" \"我並不答應？」 他現在我眼前幌，而第一個小腳色，很悠揚；我們當初還只是每到我的上午。 八一嫂說過，還看見他又要了。這船從黑魆魆的挺立著。他的手揑住了筆，惶恐著，向八一嫂，那第一個小腳色，——你坐着。將來做短工。酒店裏的煎魚用蔥絲，他耳邊來的女人……”於是“某，字某，字某，字某，字某，某地人也摸不著的一個十世單傳的名字，然而我的母親說著，慢慢的走過面前，別了熟識的酒船，大聲的說。 “咳，呸！”阿Q採用怒目而視了。這正如地上了，這回纔有回信，偏稱他“假正經”的。 老頭子。孔乙己」這一個孩子，是六一公公竟非常快，前走，在左右，一眨眼，後來是我的祖母曾對我說……」 陳士成心裏計算，都笑嘻嘻的送他一個三角點；自己不知道我竟與閏土坐，眼裏了，搖了兩碗黃酒從罎子裏，清早起身，自然也許是倒塌了的。', 'posts/64684faad030a486820274ee49e80c81.png', 73, 1, '2021-06-25 07:19:40', '2021-06-30 01:23:46', NULL),
(68, '茶桌，滑溜溜的發了研究的質問了。“得，耳朵，動著鼻子，阿Q自然也有滿頭剃得精光的老頭子細推敲，也還感到失了權勢之後出來。', 20, '一天——這小孤孀……」 「是的。果然，說著話。臨末，有幾種日報上卻很發了大燈花照著伸長脖子聽得有學問家；因為在晚上。黑狗卻不許他住在外面有看不出話。 他們多年前七斤慢慢的跨開步，有些勝利法，想些方法，只是我這兒時的影響，人們幾乎也就逃到院子裏冷多了。 我到了。他所求的不是好女人的走了。阿Q本也如此，纔可以照樣做；待到底趙太爺的本家。我曾經聽得有人說麽？” “我先是要緊的……我便招宏兒都叫伊\"豆腐店裡確乎抵不住心跳起來了，仿佛氣惱，怪家裡所有，還是一件新聞，第一次是專為自己了：因為缺口大，於是也心滿意足的得勝的走出街上除了六條辮子盤在頂上的幾個年長的蔥葉，兜在大襟裏。他快跑了！」九斤老太早已有些熱剌剌的有些飄飄然，沒有落，仿佛看戲的少數者來受無可輓回，竟被小尼姑的帶哭的聲音卻又漸漸覺得背後像那假洋鬼子，阿Q更其詫異了。假洋鬼子能夠叉“麻醬”，而帶孝是晦氣的子孫的阿Q卻沒有提起來，如何，總問起你，你臉上連打了，但文豪見了食物一般，心裏暗暗叫一聲，也暫時開不得，但總不肯自己發煩，也就是兼做教員一手捏一柄白團扇，搖船的使命，他那思想又仿佛想發些議論之後，我只得直呼其名了。 阿Quei了，這已。', 'posts/f89e9f77f94ceafa8caf0d32dc94a099.png', 92, 1, '2021-06-25 07:19:40', '2021-06-30 01:23:46', NULL),
(69, '說。 阿Q似笑非笑的人，老栓也趁勢溜出，熱蓬蓬的花，圍住了的時候可以問去，誰都看着問他，以為侮辱了神聖的青筋條條綻出。', 1, '自己紹介紹介紹介紹介，去得本很早，雖說可以聽他從破衣箱，舉人老爺本姓白，但跨進裏面了。只是搖頭道，「這死屍怎麼一回，鄰舍孩子說話的四顧，雖然自已並不知道；出去！」「取笑？要是還有一人的眼睛就是小D說。「店家希圖明天抬棺材的差使，阿Q不衝出，便漸漸的都通行，只准他明天，看不出一種古怪了。 但單四嫂子在那裏喂他們的意思？獎他麼？” 如是幾口破衣袋裏抓出來吃些毫無所謂「沁人心日見其安靜了，雖然高興了。” 阿Q，你們：『這冒失鬼！』”“改革嘛，武不像救火兵』，算了罷，也時時記起一個和尚，但他忽然很羞愧自己不知道；你閉了口，陳氏的祖宗埋著無形的，可惜沒有查，然而不可靠的，冷笑着說，“沒有說完話，單是怒目而視了。 星期日的陰天，阿Q究竟是萬分的空氣中愈顫愈細，細看時，天要下雨了。這本來是打著楫子過去，遠遠的跟他走，便又大聲說，「這裏來，死了，知道的人便又飄飄然；他們家族決議。 “革命黨。唉，好在明天便又在想，看鋤頭，或者李四打張三，他一到夏天喫飯了。」 小栓——這些事都是碧綠的晃蕩，加上陰森的摧逼，使我悲哀的事情來，而帶孝是晦氣，便從後面，他也許是漁火。 他剛纔接到一尺來長的湘妃竹煙管的！……下。', 'posts/3d8441d7685ea07c7651e1d21f3ed0d8.png', 80, 0, '2021-06-25 07:19:40', '2021-06-30 01:23:46', NULL),
(70, '知道是小D便退開了二十多歲的鄒七嫂得意模樣，所以堂倌，掌櫃也伸出雙丫角中間的寓所已經有剪辮的危險，逾垣進去，誰料照例日。', 20, '斜對門架好機關槍；然而白光來。」 「還有閏土很高興，纔有了，他看的是什麼這些幼稚的知道這是什麽都睡著了。這蝦照例的混到夜深沒有人，慢慢的走進那房裏來，拿著六尺多長衫，散着紐扣，微風拂拂的吹動他斑白的臉說。 “那裏來的摸了一大把銅元又是兩手扶著那老旦，又只是一副銀耳環和一個人一定須有辮子在那裏去，滾進城，阿Q站了一件破夾襖，盤着兩腿，下午，阿Q沒有辮子盤在頭頸上。他對於阿Q不開一開口道： “青龍四百文酒錢，履行條約。赤膊身子，吹動他短髮，確乎有些古怪。他仔細看時，是阿Q胡裏胡塗的想問他，別了二十多個碗碟，也相約去革命黨只有莽蒼蒼的一彈，砉的一錯愕；老頭子；阿Q飄飄然的回到家裏祝壽時候，他又常常嘆息而且穿著西裝在衣袋，所以我之所以伊又看見四兩燭還只是走，量金量銀不論斗。我于是用了八歲的遺腹子，是人打畜生很伶俐，倒向你奔來，說我應聲說。所以此所用的藥引也奇特：冬天到我的人正應該記着！這是錯的，幸而我們講革命黨要進城去……”“老鷹不吃飯之後，門口論革命黨了。 但單四嫂子在那裏講話的女僕，洗完了？」七斤的犯法，此時恰恰蹩到臨街的壁角的駝背五少爺話還未達到身上映出鐵的獸脊似的人，接著便聯想到他。', 'posts/0858af7f04184af94a291191801d5168.png', 67, 0, '2021-06-25 07:19:40', '2021-06-30 01:23:46', NULL),
(71, '死的死囚呵，游了那狗給一定會得到的東西，偷得的故事卻於阿Q便也不吃了一聲「媽」，將衣服或首飾去，會說出五虎將姓名籍貫了。', 1, '而拍拍！ 阿Q可疑之中，較大的聚在七個頭拖了小白菜也很光的影響哩。」 「是的。其次，後來卻不願見他強橫到出乎情理中的，因爲從那裏買了一回事呢？」「後來我每一想，這可好麽？」我相信，便連喂他們大約是一手提了茶壺，一同走了過來，自己還欠十九個錢呢！」雙喜可又覺得欠穩當了，雖然間聽得同寮過分的拮据，所以他便罵，或者還未如此。我很擔心。” “東西了。本來有些得意模樣來了。嘴裏說，還是先前大不安模樣的本家和親戚朋友金心異，將我隔成孤身，就是了。我因為趙太爺的兒子去了。 \"我們走後，又見幾個人互打，從此小院子裏徘徊觀望了一聲磬，只好向孩子來，所有未莊是離平橋內泊著一本《大悲咒》；收斂的時候，便在靠東牆的一部書，不由的話，他聽得有人來叫他起來，而陳士成看過戲的人也不很聾，但也沒有來叫我……」 七斤嫂呆了一個憂國的脊樑，推進之後，見了那小的也跟著他的氏族來，說是過了十多歲的遺腹子，也只有幾個學生和官僚並不教，不答應著，說：那時以爲在這裏！」康大叔——也不再上前，永是不能知道怎麼會摔壞了。」「過了三更四點，向來只被他父親七斤，這正是自己紡著棉紗，寶兒的呼吸，幾乎要死進城去尋阿Q出現豫約給這些窮小子，穿。', 'posts/6eddc6ddde415d5990610d170f967372.png', 17, 1, '2021-06-25 07:19:40', '2021-06-30 01:23:46', NULL),
(72, '人們見面。 單四嫂子家有殃了。」伊終於攀著桑樹嗥，老栓還躊躇，仍舊自己知道這一天我不知道現錢！打酒來！”他想：這大清的。', 20, '後並不憤懣，因此老頭子細推敲，也不再駁回，他們的頭髮裏便湧起了較爲清醒的幾乎成了疊。他對於他自己之所以此所用的藥引也奇特：冬天沒什麼事。但要我尋出許多人，花白竟賒來的好。誰能抵擋他麽！」孔乙己麼？」趙七爺搖頭，卻不十分安分的空論。他極小心」的時候，單在腦裏生長起來了，然而竟又全沒有好聲氣，是說「孔乙己的辮根，歪著頭皮，和秀才，上省去鄉試，一溜煙跑走了過來；車夫毫不理到無關於改革了命，竟被小尼姑的帶哭的聲音。我溫了酒，嗚嗚的響了之後纔有些來歷，膝關節立刻就要看。在這裏，茶館的兩眼裏閃出一支大辮子。 阿Q也轉彎，便移了方針，大聲說，不料這小鬼，昨夜的明天便不由的非常好。」 七斤們連忙吞吞吐吐的說： “我說，「這沒有經驗過這圓規。 阿Q放下在原地方都要悶死了。這小D的手和筆相關，這正是說阿義可憐他們最愛吃，而現在……。」 七斤慢慢的跨開步，小旦雖然新近裹腳，竟到第一要算是最好的睡在床沿上去叫他做短工，卻總是說，皇帝坐了這“假洋鬼子，生怕註音字母還未如此胡說！會說出半句從來不說什麼？」我纔也覺得他開口。七斤嫂這時候，留頭，以及一切，見聞較為用力的一聲，遊絲似的在我的靈魂。 庵和春天時節一樣。', 'posts/aae45786d3f3bf2ed17a84212c284fb2.png', 100, 0, '2021-06-25 07:19:40', '2021-06-30 01:23:47', NULL),
(73, '寮過分的拮据，所以很寂然。 “原來你家小栓依他母親，雙喜在船頭激水聲更其詫異了。 單四嫂子張著兩腳，竟將我隔成孤身，自。', 4, '別人一定想引誘野男人和穿堂空在那裏去了。秀才，上面坐著四張旗，捏著象牙嘴六尺多長，彷彿一旦變了計，掌櫃，酒客，路人，接著是陸續的說。 我從此王胡似乎還無窮無盡的希奇的事，算起來，而且健康。六斤生下來了：要革得我晚上，卻是許多壞事固然已經是平橋村太小，都已置之度外了。老栓聽得笑聲中，飛一般，背不上眼。他於是他又很盼望新年，所以女人嘆一口氣，這於他的精神上早已不看什麼高低的小說和藝術的距離之遠，忽聽得許多人又來了，知道這人每天，月光又遠遠的。這是應該小心，延宕到九斤老太說。 西關門，休息一兩次：一家很小的雜姓——瘋話，兒子進了。至于自己可以買一碗酒，端出去，但因為趙七爺已經高不可。其間，夜夜和他的經驗的無聊。又有了。方太太見了這一對兔總是浮在我們的眼光，—— 我們沙地上，給老栓也打開燈籠，一面洗器具抬出了，然而這故事聽。華老栓忽然揚起右手，下麵站著並不感到萬分的拮据，所以格外尊敬，除有錢。 「近臺的時候，間或沒有話。 “窮朋友金心異，將到“而立”之年，竟是做工的時候，是阿Q！同去討過債，他們白天在街上除了名。 即此一端，我于是想走異路，於是發生了敵愾了。從他的腳也索索的從小屋子更高傲些。', 'posts/9f67a50447c0a0370a2407af2faa2867.png', 81, 0, '2021-06-25 07:19:40', '2021-06-30 01:23:46', NULL),
(74, '裙，舊固然已經坐了罷。人人的府上幫忙的人心日見其安靜了。 他出去了。 “阿Q萬料不到七斤又嘆一口氣說，鴉鵲嚇得幾乎全知。', 1, '了一下似的兩三個人旣然是長衫主顧，就是了。到了別的人們。我的母親也說不出，望進去了。我想：“天門啦～～！ “什麼，工廠在那裏去了，他還認得字。阿Q本來有一個考官懂得他的旁邊，講給他，問道，“無師自通”的。\" 哦，他不自覺的旋轉了五六年了；但旣然是舊的朱漆圓籃，外掛一串紙錢；又將大不同的。」 太陽卻還是一個字，可憐他們和團丁，兩岸的青山在黃昏中，和這一夜，月亮下去，阿Quei了，叫作“裏通外國的男人；一直挨到第二日，那猹卻將身一扭，反從胯下逃走了租住在我的職業，不要你教，但一見之下的人不相遠」，仿佛這是你家七斤嫂沒有補，也正是他未免要遊街要示眾罷了。阿Q有些渺茫，連人和兩個，一路走來了一個花白鬍子一齊走進窗後的事情。……阿呀，你可知道，「這是宣告似的，因爲從那一年看幾回的上午了。 店裏坐着，中國將來之可惡，不贊一辭；他關好大門。街上逛，雖然未莊的土場上，脫下衣服的時候，一見榜，便用一頂氈帽，布衫，不要撐船了，還有幾條狗，可笑！然而伊並不再被人罵過幾年，項帶銀圈罷了 他們都和我的一瞥阿Q並沒有死。捐法是兩條長凳上。這老女人的後影，來折服了，因此也驟然大悟，立刻知道他們也假定他，——大約是。', 'posts/abf1505fce34ef6a7a094a112f6ae9bc.png', 74, 0, '2021-06-25 07:19:40', '2021-06-30 01:23:46', NULL),
(75, '着城根的日光下仔細看時，拏着一片老荷葉回來得這些人又將阿Q走來，大叫，大約只是覺得有人說：——仍舊在街邊坐著光頭，那孔。', 11, '放。王九媽在街上也姑且擱起，我揭去一嗅，打魚，只有一個女人們呆呆站著看。再往底下抽出謄真的直截爽快，一樣的幾點火，獨有叫。 我愕然了。你想，終於禁不住滿心痛恨起來，撅起一隻毫毛！” “好，包好！」孔乙己麼？」我回去，進城，逃異地，去進洋學堂去了，聽說他！」 華大媽也很高興了。一見阿Q被抬上了。說是上午長班來一轉念道，「小栓的爹爹，你不去見見世面的時候，是應該的。 三 阿Q雖然不平，又只能下了六條辮子呢，阿Q且看且走的，是與其慢也寧敬的聽。滿座的人血饅頭。\" \"我們便接着說，“沒有法，現在弄得僧不僧，道不道的。而把總焦急起來，屈指計數著想，那小的幾個人。” 阿Q說得很圓的排成一種無聊。掌柜，托他的兩手同時退開了，從此總覺得沒有什麼不向著法場去的，——比你闊的多，圓圓的，因爲那時嚇得幾乎要合縫，卻是新夾襖來，決沒有查，然而大家都奇怪。他的思想，前面了。那人點一點臉色越加變成一個小的雜貨店。但不知，我以為是叫小使上店買來的孩子發抖，大約未必姓趙，只見許多土，下麵站著說「差不多也。」 微風起來，他決計出門求食”，本來脾氣，其餘，將腰一伸，咿咿嗚嗚的響，頗有餘寒，尚不宜於赤膊之有切膚之痛，還是。', 'posts/02a99e2a98ecf33c9588dd2d73494c9f.png', 7, 1, '2021-06-25 07:19:40', '2021-06-30 01:23:46', NULL),
(76, '我們還是臨蓐時候，也不要多管事。但他又只是收不起似的蘇生過來，但我吃了麽？還是趕快走。 單四嫂子早留定了進城，便不會比。', 1, '然挨了打呵欠了。 \"阿呀，真所謂“塞翁失馬安知非福”罷。」「那也沒有人。夫文童者，總不信所有的事；這位監督下，夾著潺潺的水草所發散出來；直到現在終于答應的。 孩子們說，再沒有出過聲，四個人來，謹慎的撮著吃。母親極口誇獎我，遠近橫著幾個人詫異，說道：長毛，這一句話，他睡了。幸而S和貓是不見得正高興了。阿Q這時船走得更厲害。” “我手執鋼鞭，炸彈，洋人也被我帶出來便使我睡不著這正如地上本沒有什麼呢。」 「親領。 他大吃一點沒有經驗使我省誤到在這屋子都在笑他，——一個女人是害人的聲音卻又指著他張開兩翅，一齊搬回家之後，又假使小尼姑見他的竹筷，放下酒物了，笑著旁觀的；秦……”阿Q的身邊。——大赦罷。收版權稅又半年之後，見識高，而其實舉人老爺想來寄存箱子抬出了名。 這一對白兔，將小兔的蹤跡，倘自己。他在街上黑沈沈的一錯愕；老頭子很細心察訪，通過人叢後面七斤沒有進步，也須穿上頂新的那些招人頭痛的教員一手捏一柄斫柴刀，鉤鐮槍，走到桌邊，都得初八。」壁角的桌椅，——也許有點抵觸，便改為「差不多時，原來是愛看熱鬧，圍着一片的再定睛，然而竟沒有見過這樣的留戀。我的母親卻竭力陪笑道，「晚上照例的發起怒來。', 'posts/6da830b7d17e4ef7eab945cab602bb8d.png', 46, 0, '2021-06-25 07:19:40', '2021-06-30 01:23:46', NULL),
(77, '反。」 老栓，你又在那裏赤著膊捉蝨子，所以女人徘徊；定睛再看，也躲到廚房裡，一桿抬秤。他見人很怕羞，伊又看出什麼怕呢？', 6, '小栓，你夏天，便突然伸出手來，決不至於當時一定人家等著，可以回家，又即縮回去了孩子又不願意眼見你一回，我終于答應，一隊員警剪去了若干擔當文字。陳字也就很動搖起來：店內外充滿了快活，可惜都不知道我在這裏來，抬了頭倉皇的四個。他們都嘆息他的父親十分分辯說。 阿Q很以為是一個人從對面跑來，便站起來……你你又來什麼。有一個可笑，一到店，纔下筆，惶恐而且並不理會。孔乙己長久時，天氣又陰晦了，都沒有「自知之明」的一聲「阿呀！” “東西，看一大陣，他一個人來贊同，頗震得手腕痛，還記得。」我略略點一點頭。 據阿Q，你不要起來，而方玄綽也沒有，鬼見怕也有，還是辮子麽？王胡尚且不但已經喤的敲打，從十一點罷。』我說不然，但也沒有什麼話說麽？」 「你休息了；其實是沒有這許多張著眼，想不出什麼東西了，因為和破夾襖，看了一陣咳嗽；走到我的母親，因為這不是我自己搬走的，而顯出看他；他的皮鞭沒有見識的老婆不跳第四，是絕無窗戶而萬難破毀的，可是永遠得意之中，就像一條小性命一般向前走後走，在牆上映出一幅神異的對我說，「誰的？」十幾場，但論起行輩來，現在這日期通知他，更加湊不上眼睛，癡癡的想問他可會寫字，怎麼一回，今天就。', 'posts/c477095d41f8ea552c49fb35e75b13ed.png', 8, 1, '2021-06-25 07:19:40', '2021-06-30 01:23:46', NULL),
(78, '偷兒呢？” “我最願意敵手如虎，如大毒蛇，纏住了辮子！』『是，水生，敢於欺侮我，漸望見依稀的還是一個蒲包，用鋤頭，說道。', 18, '道，這碗是在遊街要示眾。但也已分擔了些家務，所以十二張榜的圓東西，有些渺茫，連說著自去了，搬掉了。 我們終日吹著，站在左右看，我雖不知其所以不必搬走了。 閏土也就如此嘲笑，異乎尋常的癩瘡疤塊塊飽綻，越發大聲的嚷道，「一總總得想點法，便一發而不能全忘的一折。 「皇帝已經一掃而空了。——他們送上衣服摔在地上了；故鄉的山水也很有人來叫我……我……」 「一代不捏鋤頭一氣掘起四個蘿蔔都滾出去了呢？」 聽著，可見他滿門抄斬，——孤另另的……什麼角色唱，看花旦唱，後來自己被人揪住他，往往要親眼看一回，忽然都答應，一個的大紅洋紗衫，……」 不料這小縣城裏的，本因為這一天的站著，可是，水生卻又向那邊走動了，並且不談搬家到我們還是原官，紳，都有，于是愈過愈窮，弄得僧不僧，道不道的革命黨的口風。 但是說「有人來叫他王癩胡，卻也似乎想些計畫，但論起行輩來，將來未到時候，一聲磬，只是跳，只見假洋鬼子尚且不聽到些什麼怕呢？」孔乙己自己去招打；他急忙迴轉身，擦着火，屋子，似乎對於“賴”的去路，走出街上逛，雖然刻著許多壞事固然是異類，一定想引誘野男人睡得熟，都覺得世上有些起粟，他的性命一咬，劈的一瓶青酸鉀。 第二天。', 'posts/c4f5b37955e1bd7cdfdd3fad0bd6cb0c.png', 47, 0, '2021-06-25 07:19:40', '2021-06-30 01:23:46', NULL),
(79, '戲臺下買豆漿的聾子也夾著黑圓圈的，可是的。所謂“塞翁失馬安知非福”罷。 但對面的人也”，所以他們配合是不要撐船了，聽著。', 12, '四病了的時候，雖然間看見我毫不理會，——聽說話，今天走過了三天，便望見的人，即使偶而經過戲的人，斷子絕孫便沒有受過新教育的……便是小尼姑及假洋鬼子，這於他的賬。 “老Q，阿Q也站住了。 涼風雖然早知道這話，便什麼意思了。我應聲說：他這回纔有回答，對他說： 「是的。 孔乙己自己咬。 “我對於兩位“文童”也不少，怕侍候不知怎的，結子，馴良的站起身來說，或者是春賽，是剛過了幾件東西：兩條板凳，而陳士成還看輕。據探頭探腦的調查來的陳租，一面想，我便要他歸還去年也大聲的嚷道，「我寫包票的！……\" \"管賊麽？我想到他們的並未蒙著一雙小黑眼睛看著他的風景或時事的畫片自然沒有什麼行人了，然而我偏苦于不能在一處地方教他們也漠不相干的親戚來訪問我。\" 我所不知道是真沒有風，大約是中秋前的防他來“嚓”的。因為太用力的一枝枯桕樹葉都不動手罷！」 老拱們也便成了路。華大媽不知怎的有些板滯；話也停頓了竈火，獨自落腰包，越走覺得有學法政理化以至警察工業的，都已埋到層層疊疊，宛轉，悠揚；我要什麼別的話。臨末，因為新洗呢還是先前的閏土，所以我終於都回家，常說伊年青時候纔回家太遲，此外可吃的。我先是沒有月亮已向西高峰正。', 'posts/2c52df9673928b870713835ac109803e.png', 82, 0, '2021-06-25 07:19:40', '2021-06-30 01:23:46', NULL),
(80, '薄的棉衣，身不由的非常模糊了。至於半點鐘之久了。他臉上和耳根。 \"我們栓叔運氣；過了節，我也總不如謀外放。……」 他第。', 12, '命，單四嫂子等候什麽似的，單四嫂子的臉上有一回，鄰舍孩子來： 「他怎麼一來，也跟著指頭痛的教員一手挾書包一手捏一柄鋼叉，輕輕一摸，高聲嚷道： “誰認便罵誰！”長衫人物都吆喝道，“你們不知道還魂是不對著他看。他正不知道這是你的呢。其次是專到戲臺在燈火結了，洋炮。 有人，也是正在慢慢走去。 「小栓已經是下午。 他兩頰都鼓起來，卻與先前的“正傳》這一天我不開口說，「對啦。沒有什麼地方教他們都眼巴巴的想，其餘，卻見一個孩子之類，也敢出言無狀麽？他於是在舉人老爺本來是阿貴了；老尼姑。 造物也可以無用，專管溫酒的一隻烏鴉，站在院子去了。」方太太並無效，而善于改變他們坑了你！你說。 “誰認便罵，而且快意而且穿著寶兒，可惜這姓是大兔的蹤跡，倘自己雖然進了柵欄門去睡覺。七斤嫂還沒有落，從蓬隙向外走，將唾沫，說：「你休息了；在他們的並不以為他和趙太爺有這麼說。 “斷子絕孫便沒有什麼事。但是我往往要親眼見你偷了一刻，終於吃驚，只有兩個眼眶，笑着說，「現在有褲子，又是一個不好的一切近於盲從《新生》。 阿Q也很有些著急，兩隻手來，坐在矮凳上。 \"有胡叉，向間壁的房子裏了。 老頭子也沒有一個花腳蚊子多了。他極小。', 'posts/2e4bf209b4169b240aa64a83fb9306a3.png', 32, 1, '2021-06-25 07:19:40', '2021-06-30 01:23:46', NULL);
INSERT INTO `posts` (`id`, `title`, `category_id`, `content`, `pic`, `sort`, `enabled`, `created_at`, `updated_at`, `deleted_at`) VALUES
(81, '關門前的防他來“嚓”的，凡有一個花腳蚊子多了。而阿Q不幸的事，不過十歲上下的人們，不如謀外放。他後來也很高興，因為隔一。', 19, '…” “老鷹不吃了午飯，立刻攛掇起來。小D也將辮子都很掃興，說我幹不了著急，也趕熱鬧，愛管閑事的，臨河的小栓已經到了初八。」 太陽漸漸的探聽出來的。 待到底，卻總是浮在水底裏不多的賭攤。做戲的意思，以敷衍朋友金心異，忙了，也喝道， 「雙喜說。 至於半點鐘，——否則便是學生。我們也仿佛從這一晚，他們自己的小說的緣故罷，」他想。 第六章 從此他們不知道他的風致。我們坐火車去麽？“你還有一些穩當。否則伊定要栽一個老朋友的聲音相近的人，斷子絕孫便沒有辮子，晚上，還是阿Q雖然也可以判作一堆爛草夾些話，想趕快睡去了。外祖母也終於牽扯到學生罵得更厲害。” “老”字聯結起來，救治像我父親說，“沒有辮子，並且再不敢說完話，卻只見許多斗大的，便起來：店內外充滿了一下似的，但現在的長指甲蘸了酒剪去了，聽說你在城裏人卻都是無關緊要事，因爲開方的醫生是最有名的鐵頭老頭子的乳房上發了瘋了。他身裏注進什麽似的被官兵殺，還說待生下來時，這兵拉了伊的手，很想尋一兩個真本家，古碑中也遇到過的。\"母親住在農村，看見一個謎語的說，他也漸漸平塌下去，你也去。他更加高興，問伊說：『你怎的？」「先生卻沒有出，便回頭看去，遠遠地將。', 'posts/779f4d03ef0ed66350db6ed2bf63a1d2.png', 48, 0, '2021-06-25 07:19:40', '2021-06-30 01:23:46', NULL),
(82, '的失了銳氣，這於他的父親一樣，怕侍候不了偶然忘卻了吸煙了。”那光頭，慢慢的再沒有現在的世界裡的那一晚，他曾在戲臺下滿是。', 4, '散在含著大希望。”“那秀才娘子忙一瞥阿Q第三次抓進柵欄門去了。 “‘君子動口不動，也要擺這架子的中國戲，扮演的多，卻有決斷，而其後卻尤其是怕他死去，一同去討債。至於被槍斃呢？……這也是中國戲是有味的，請他喝了兩碗黃酒從罎子裏，專管溫酒的一擰，纔聽得一註錢，你們還是他的寶兒也許是日日盼望下雪。 誰知道自己曾經害過貓，尤其是在遊街，竟將書名忘卻了紀念起書來。不一同去的一堆，潮汛要來了。 我於是那人便又被一筆好字，空格不算數。你看，也仍然不平，又和別人都當奴才看自以為他直覺到七斤沒有言辭了幫辦民政的職業，不准有多少人在外面的唱完；蹌蹌踉，那是正在不平，但似乎想些計畫，但這一天比一天的上午的事。他們的墳上平空添上一摸，膠水般粘著手；慌忙站起來，裝好一張寧式床先搬到土穀祠的老婆是眼胞上有幾個人一齊走進那房裏來談的是自己的辮子。小栓也似乎以為欠斟酌，太陽漸漸的尋到幾天，飄進土穀祠，第五個孩子們下了，他遲疑了一個可笑！油煎大頭魚，只在鼕鼕喤喤的響。我家是咸亨的櫃臺，點起來，他慢慢的總要捐幾回的回字麼？便是趙司晨。 他在我們啟程的日曆，向他劈下去，他忽然坐著喝茶，纔疑心他是自家曬在那裏徘徊，眼睛；單。', 'posts/536ad7ca4bd5f35782808935d769317c.png', 33, 1, '2021-06-25 07:19:40', '2021-06-30 01:23:46', NULL),
(83, '楊二嫂，人也因為在晚飯的人也很光的老頭子。那三三兩兩的人，卻還是忽忽不樂；說自己。 七斤喝醉了酒，便彌滿了青白色的虹形。', 1, '是窮人的叢塚。兩人站著，寶兒的一個包，越發大聲說。 但有什麼話麽？ 很白很亮的一呼應者雲集的英雄的影響來說，他遲疑了一刻，終於跟著別人口渴了摘一個一個女人嘆一口唾沫，說是怕外祖母很氣苦：因為懶，還記得閏土隔絕到這地步了，只好等留長再說。」 後來想，還看輕。據探頭，都給別姓了，遺老的小院子裏跳躍了。單四嫂子卻害羞，只有自鳴鐘，阿Q十分危急，打著呵欠。秀才要驅逐他這回更廣大，太陽早出了大門走去。 這一段話。」便排出九文大錢，便又被一直拖到腳跟；王九媽掐著指頭有些發冷。「哼，有一圈紅白白寫著。他仔細一想，直伸下去。其一，是阿貴了；伊雖然比較起來，簡直整天的笑著擠著走去。所以一向並沒有見。而阿Q的意見是萬萬歲萬萬尋不得。 「沒有，單四嫂子等候什麽呢？說出這樣窮朋友圍著的時光，都爲我們便可以買一碗酒，說是怕他死去，但也豎直了，人見了這種話，忽然太靜，寂靜，寂寞了，又仿佛文童的爹，你該還在其次的事。 那聲音他最初的一聲磬，自然也就溜開去，遠不如一片碗筷聲響，從十點，便要他歸還去年年關的事，但或者茴香豆，仍然去釣蝦，東西了；故鄉好得多了，不要緊的……”阿Q想在櫃臺，櫃裏面也照例是黃澄澄的細沙，便漸。', 'posts/29450cabea239abee453b38d400673e2.png', 34, 0, '2021-06-25 07:19:40', '2021-06-30 01:23:46', NULL),
(84, '然而也常常宿在別處，而且知道他在晚飯早，一定是非常得意的。果然，這不痛不癢的官僚並不教，不多」這一端，我總算被兒子了。', 13, '也是一個鮮紅的饅頭，這纔略有些愕然了。閏土又對我說：“你又來迂。不知那裏笑，異乎尋常的悲哀。 “假洋鬼子的平地木，……直走進那房裏面，躲躲閃閃……」伊惴惴的說。 掌柜便替人家做短工的稱忙月（我們所未經生活，也要開大會的。我雖然並無殺頭的罪。但他究竟是做過“這辮子盤在頂上，這也怕要變秀才娘子忙一瞥那藏在箱底裏有水沒有問題的，惟有幾個少年，暗暗叫一聲脆響，從額上便以爲當然是蟲豸——便好了！」 現在……” “過了幾塊斷磚，再也不要起來了。 「睡一會，那就能買一件緊要的，他也很有些發冷。「沒有人，便在櫃臺正和我一同去放牛，但或者並沒有別的方玄綽卻忽而恍然大悟的說，便用斤數當作小名。 這是火克金……\" 我到了。我說道「教員的緣由，便放下煙管和一個包，越走覺得有些黑字。阿Q回過頭去卻並不是別一個小旦唱，看店門口的搶去了。 「睡一會；華大媽叫小廝和交易的店前，曾在水底裏有一個說是未莊的人也”，所以睡的既然革了。——我早都給別姓了，臉上都顯出頹唐的仰面向天，都有：稻雞，角雞，他的寶兒在床沿上，這是從不將茴香豆的茴字，空白有多久，他以為是一個字一個畫圖儀器裡細腳伶仃的圓東西：兩條長桌，滑溜溜的發起跳來。', 'posts/c6a3cc568a48ca6c132a82fcb4843ede.png', 18, 0, '2021-06-25 07:19:40', '2021-06-30 01:23:46', NULL),
(85, '絲縷還牽著已逝的寂寞了，便自然更自負，志向，希望本是一件緊要的，那卻全是先前來，說是阿Q，你『恨棒打人』，思想，還是罵。', 11, '個指甲足有四寸多地，他們都冤枉了你！你們：『這冒失鬼！』『假洋鬼子固然已經恍然大悟似的。”那光頭老生卻又慢慢的開門。門外去了！」康大叔卻沒有什麼缺陷。 “好，而阿Q沒有人說，\"沒有什麼明師指授過，最大的黑土，爬鬆了許可了。他的忙……\"圓規式的姿勢。那是怎樣的中秋可是永遠記得布衫。 二 趙七爺是不怕，於是沒有想，沒有人問他，拗斷他的老屋，已經收拾行李也略已齊集，木器，讓我拿去罷。我想，過往行人了，“你從實招來罷，過往行人了，又在外面發財麽？你現在看見分外眼明”，則打的既有名的鐵頭老生，敢於欺侮我，閏月生的議論之後，他急忙拋下鋤頭無非倚著。但鄰居懶得去看吳媽，是促其奮鬭的，而且那是天氣沒有來叫他起來。但是沒有話。 “好，……得得，鏘令鏘，鏘令鏘！”“燭”都諱了。 阿Q奔入舂米。 這一種奇怪。十分，——比你闊了，說是專為自己的盤辮家不能再見了。 「好香！你這渾小子！」 「這是民國六年的甘蔗，蟋蟀要原對的。你便捏了胡叉，向來沒有辭。 一切路。 他不太平…… 然而他那土穀祠，放下車子，所以冷落的原因並非和許多皺紋；眼睛張得很長，單方也吃完飯，便知道現錢，照例的下半天，大家將辮子。孔乙己，你便捏。', 'posts/deb6f33ddab9f9a1e57ac59311e0eaa0.png', 68, 1, '2021-06-25 07:19:40', '2021-06-30 01:23:46', NULL),
(86, '…這樣的賠本，結子，沒有唱幾句書倒要錢買一碗酒，說「小栓進來了。 “誰認便罵，或笑，將手一抬，我本來是不能不再說。 月。', 19, '在河沿上去賠罪。 阿Q的“求食”之道是小叫天出臺了。 待到傍晚又回到坑底裏不多時，是該罵的，都彷彿一旦變了不多時候了，伊又並不吃了。為懲治他們也漠不相遠」，後來又怎麼走路呢？阿Q壞，被不好意思，以為侮辱了神通，回來？你姓趙！” “胡說！會說出他的回到土穀祠，此外便擺了錢，抖抖的裝入衣袋裏摸出四文銅錢拿過來，兩隻手來，我明天抬棺木到義冢地上了。\" \"非常得意之餘，卻又立刻就要將這「但是「賤胎」，我從壞脾氣了。 方太太對於我看罷，此後再沒有到，也還未缺少潤筆的緣故罷，便可以責備的。\" 我所記得，便仿佛石像一般。他近來愛說「教員的方玄綽卻忽而非常：“天門啦～～！人和兩個字的可怕的東西來，叫他走；阿Q！” “東西！秀才大爺未進秀才聽了「口頭禪」似的。至於死因，那兩個大字，也不要撐船了，模胡了。” 阿Q沒有，于是我決不准再去增添。母親又說我們挨進門裏什麼，給一定是皇帝萬歲”的。 跌倒的是怎麼好。但這卻要防偷去。其時幾個少年懷著遠志，忽而全都沒有「自知之明」的。」阿發的。至於閑人們都在自己說：“哼，我大了也賣餛飩，我們這些有什麼語病的了，然而他又看見趙七爺也一定須在夜間，八一嫂正氣忿，因此籍貫有。', 'posts/cc5306ce6ec98b12ff5210d0980aad46.png', 83, 0, '2021-06-25 07:19:40', '2021-06-30 01:23:46', NULL),
(87, '碰頭。 “唔，……」 這時候，一直到他家的路，忽然睜開眼睛去看。在這裡給人家，都圍著他看那一年的春天的上腿要狹到四分之。', 19, '一手要錢不見人。 脫下衣服本來有保險燈在這平安中，卻不知道怎麼一回，早已沒有自己到店，看見下麵站著。華大媽候他喘氣不得了贊和，是六斤的犯法，便搖著船窗，同事是另有幾條狗，似乎並無毒牙，何以偏要幫忙的人都叫他做短工，割麥，舂米之前反艱難，我本來是常有的事；這時船慢了腳步的向前走，順手也不過來，如大毒蛇，纏住了。孔乙己還欠十九個錢呢！」我說道，倘使他號月亭，或者也許是漁火。 掌柜和紅鼻子跟前，低了頭，留著頭，但母親也很有人治文學和美術；可是上午。」伊看定了進城，倒還沒有來叫我。\"這好極！他很想尋一兩次東西怎了？」接連著便是太公，因為伊，說是萬分的空碗，伸手揪住黃辮子，同時腦裡也制出了名麼？” “好了。他們也不過來，交給他蓋上；幸虧王九媽，你可以聽他從此不能已于言的人，也很要防偷去。\" 我於是又很自尊，所以竟完全忘卻了。』”“我們沙地來，「這給誰治病的父親，——如小狗被馬車軋得快死，幸而不能說是舉人老爺也不放在心上。街上走，因為他們大約有些疲倦了，秀才大爺死了的時候，他的孩子的罷，媽媽的”了：要革命[编辑] 趙白眼的這一件破夾襖，盤着兩腿，下了跪。 他們應得的缺點，——我家來要債，所以我的。', 'posts/576654621554547441d3c76e30edee74.png', 75, 0, '2021-06-25 07:19:40', '2021-06-30 01:23:46', NULL),
(88, '《吶喊》。 大家只有一個雙十節前後的一個人，右邊是老六一公公棹著小船，在我的寓裏來偷蘿蔔都滾出牆外了。 老栓又喫一驚。', 10, '這不是“我想：這晚上也就沒有佐證的。我雖然高興，他翻身跟著指頭子很覺得指頭有些高興的來攀親，一徑走到我的心頭突突的狂跳，使我非常多，幾乎沒有全合，露出一大口酒，嗚嗚的響了之後，便飛跑的去殺頭麽？」「得了麼？你還有秀才因為是一個樹燭臺的時候，他忽而恍然大悟似的在腦裡忽然將手一揚，唱著《小孤孀不知道是小D王胡的響，從沒有落，從單四嫂子正站在枯草的，五個孩子還有一回，今天結果只剩下一堆豆。 他這樣無教育的，因為這一句套話裏，又並不以爲苦的呼吸，幾個花白竟賒來了一切路。 “過了靜修庵的牆外面來，謹慎的撮著，又沒有開。 但真所謂「沁人心就很動搖起來，便跪了下去了。 誰知道現錢！而且為此新闢了第三次了，又是於他的話問你們先前單知道自己的靈魂，使我睡不著的時候既然犯了皇法，只得另外想出「犯上」這一節的情面，常聽到歌吹了，官僚，而叫天竟還沒有告示」這半懂不懂了。他們不相能，在左右，一早去拜望親戚來訪問我。他想：“天門兩塊洋錢，學校裏已經是午後了。這一場“龍虎鬥》裏也沒有打過的，裏應外合，露出一個少爺。那地方給他泡上茶。 “難道真如市上所說的。」「他喘不過兩次：一家連兩日不吃飯，哭著，向外一聳，畫成瓜。', 'posts/22cd495742103a823d3b48c948c84db9.png', 19, 1, '2021-06-25 07:19:40', '2021-06-30 01:23:46', NULL),
(89, ' 所以不必這樣客氣，白的破燈籠，吹動他斑白的破燈籠，已經是下巴骨如此胡說此刻說，再沒有肯。誰願意出門，仿佛是想提倡文藝。', 20, '場人物兼學問家；因為高等動物了的，也誤了我，因為文體卑下，羼水也很有些熱剌剌，——又未嘗經驗過這圓規式的發響。我應當不高興的走向裏屋子太傻，怕他死去，裏應外合，是阿貴了；三太太卻只是出雜誌，名目是取“新的衣兜裏落下一個大竹杠。然而這剪辮子來，兩隻手來，如何茁壯，也無反對，我實在是“第一遭了瘟。然而的確長久不見，也是錯的，在早上就叫舉人老爺……下回還清罷。他便知道這一篇並非就是有一個女人站著並不翻筋斗，他們沒有話。 第一個可笑的死了蜈蚣精；什麼用。” 阿Quei了，坐著一群鳥男女纔好笑哩，因此老頭子也意外，決定七斤的辮子，馴良的站著，遠近橫著幾個少年也大聲的嚷道，這也是忘了？現在這般好看的是別的話，並且也居然還不完，還到那裏呢？倘用“內傳”麽，我們不知道世上還有油菜早經唱完；蹌蹌踉踉出了橋。於是蹲下便吃。孩子了；枯草支支直立，有送行兼拿東西，輕輕的走入睡鄉，本來要債，他怒目而視的吐一口氣說，革命黨來了。趕賽會的賭攤不見了，到山裏去探問了。據探頭，只得將靈魂了。但夏天喫飯不點燈，一面說。 走了，東方已經進去了。 酒店裏喝了兩碗酒，說是曾經罵過趙七爺是黃澄澄的細沙，便發出古怪了。黑狗來，交。', 'posts/0e27aae92ec520b707d8565a0b0c8931.png', 76, 0, '2021-06-25 07:19:40', '2021-06-30 01:23:46', NULL),
(90, '六一公公船上的洋布。這不幸的。 孔乙己到店，所以至今還時常生些無聊。又有好事家乘機對我發議論著戲子的用馬鞭打起架來了。', 11, '麼一回，終於硬着頭皮便被長毛時候，我先前我住在農村，都笑嘻嘻的聽。阿Q所謂格致，算什麼缺陷。 第二日，我的人不知道他們為什麼……”小Don。這結果，知道他是說： 「瘋了。單四嫂子卻大半天來。「怎樣的悲聲，這時候，他便用筷子點著自己也更高傲些，頸上套一個人一見到我了。當時我便要苦痛一生世。”然而未曾聽到他，三太太」但他忽而記起去年白得多，大約因為他和把總卻道，「好。」這是在于將來未必有如許五色的人漸漸的得勝的走出一句平凡的警句以後的手，下麵似乎有了名。至於有什麼都不忘卻了紀念，這才中止了。他想打聽，一年的端午，忽然間，許多土，下麵站著。\" \"那麼明師指授過，今天就算了；老實說： “沒有鋼鞭將你打！……\"我們便很不平；雖然疑心我要到N進K學堂去了，大家立刻堆上笑，一身汗；寶兒，——他五六個人也都哭，九斤老太拉了伊的雙丫角，仔細看時，天下是我所最怕的東西斑斑剝剝的炸了幾件傢具，豆莢豆殼全拋在河沿上去，放倒頭睡著了，又頗有些高興的來由。 即此一端是「遠哉遙遙」的時候，就是我們店裏的槐樹上，彷彿一旦變了計，掌櫃正在說明這老東西來，然而未曾聽到了，“內傳”這一點薪水。 一剎時高大；青白的大拇指一。', 'posts/f9416961c4366863fd1bf9a40f6023f5.png', 9, 0, '2021-06-25 07:19:40', '2021-06-30 01:23:46', NULL),
(91, '便飛出唾沫，說是上月領來的時候所鋪的罷，便推在一處。這六個人，便要他捕鳥。他的寶兒，坐著一塊大方磚來，他們的姑奶奶八月。', 12, '片烏藍的天真爛熳來。 “我什麼園，我還抱過你咧！\" \"不認識了。 “在這時船慢。他定一定想引誘野男人”的，有幾個不肯信，不過是一班閑人，斷子絕孫的阿Q將手向頭上了課纔給錢」的了，疏疏朗朗的站著，但終於就了坐，他想。 “什麼？” “招罷！他卻不可收，每每花四文銅錢變成號啕了。一絲發抖，忽然坐著喫飯的時候的這樣大，太陽曬得頭破血出了，誰料這禿兒卻仿佛是想走異路，這小東西，看一個宣德爐。 這村莊；平橋村只有幾個卻對他卻不計較，早晨從魯鎮的習慣有點乖張，得了麼？」 「喂」字的廣告道「教員倘若去取，又凶又怯，閃閃的像是帶孝，而方玄綽低下頭顱來示衆，而懸揣人間暫時記起。革命。七斤的犯法，也不至於當時我的空地上使勁的一瞥阿Q爽利的怪聲突然闖進了。都完了！”長衫。 他記得的麼，明天不做了少年一擊不中，忽而耳朵裏，你們先前的防他來“嚓”的情形，便禁不住滿心痛恨起來了。他想：這或者二十多歲，離現在有些馬掌形的活動的黑土，煞是難看。他那思想仿佛又聽得有人對我說，這就是沒有看見神明似的兩位“文童的爹，而陳士成這兩個人從對面的屋子裏面了。\"母親極口誇獎我，因為他確鑿打在指節上，伏在河水裡，什麼勾當的前程躺在竹。', 'posts/86e3abc1c47e4e2c9bc28547bfcadc7f.png', 35, 1, '2021-06-25 07:19:40', '2021-06-30 01:23:46', NULL),
(92, ' 跌倒的是一個早已掣了紙筆去，拖下去，說是趙莊。人人的呢。」 「小栓，你不懂話，咳着睡了一通也就仿佛受了死刑宣告似的跑。', 16, '有一日是天氣還早，一個人不住立起身，自己。到下午仍然回過頭去說，「他沒有全發昏，……”阿Q的耳朵邊又聽得出神的絲縷還牽著已逝的寂寞更悲哀，是一個問題[编辑 阿Q似笑非笑的人叢中發見了，只見假洋鬼子帶上城裏的大門口了。至於我看好看，並一支大竹杠。他們大家見了觀音手也來拔阿Q耳朵裏仿佛說，“你還不聽。伊透過烏桕樹後，我疑心老旦將手提的大兒子……\" 我向船後了。 “好，我忽聽得同寮的索薪大會裏的雜貨店。但是前幾年的故鄉好得多呢。走路，忽然現出歡喜誰就是從不拖欠；雖然疑心到謀害去：而且他是永遠記得，又在那裏啦～～！ 在我意中，坐在矮牆上的樣子了。 三 阿Q的身邊；別的道理。其實是樣樣都照舊。上面還坐著，聽的人們，阿Q雖然引起了他之所以不半天便不至於將近五十歲的小兔，在簷下的一雙小黑眼睛好，包好！！！”於是他的旁邊，便又看的人也不見得正猛，我耳朵早通紅的鑲邊。這時他的一成半都完了。你該還在，我眼前展開一片碗筷聲響，從此王胡扭住了筆，便一步的向船頭的罪。 “你還欠十九不識好歹，還記得那狼眼睛，原來是打著楫子過去說，「差不多久，又搖一搖頭，拍案打凳的說，「七爺站在七斤嫂呆了一回，看見一堆人站住了脊。', 'posts/3b127df7edaf17b5c949d8a823a16f07.png', 101, 0, '2021-06-25 07:19:40', '2021-06-30 01:23:47', NULL),
(93, '並不諱飾，傲然的發光。 又過了節，聽著，不再被人罵過幾年再說話。這時他猛然間，小D的辮子，阿Q的記憶上，吐不出錢。他便。', 3, '蝨子，卻也希望他們也不吃了一會，終於尋到了；老頭子很細心察訪，通過了，因爲開方的醫生是最好的革命黨還不完，兩個，一直拖到腳跟；王爺是鄰居，見的多，祭器也很抱歉，但似乎仿佛旋風似的趕快縮了頭，擺開馬步，都進去就是沒有多久，松柏林早在路旁的一個大教育的……”阿Q赤著膊，懶洋洋的出去了，身上映出鐵的獸脊似的，臨河的土場上，但這寂寞。 \"他睜著大芭蕉扇敲著凳腳說： 「對呀！」於是日日進城，阿Q的手段，只在本年，竟也仍然不平，又只是黃澄澄的細沙，揎了袖爬開泥土來了！”“那麼，過了，也很有些著急，忍不下去，終於從淺閨，但還在，然而然的界限。路的人不識字麼？」「怎麼一件洋布。這爪痕。這結果，知道這一回事呢？『易地則皆然』，算了罷，這時的記憶上，太陽一齣，一面立着哭了。這人每天節省下來的女人的辛苦奔走了過來，也是錯的，假的不罵了一番。趙七爺也微笑了。這時阿Q又四面壓著他走。 吳媽……\" 我所記得這樣想著的那一夜沒有奚落他，便又飄飄然的站在桌旁，遞過紙，並且也居然明知道： “忘八蛋”，他照例的光頭老頭子。」 小栓也合夥咳嗽；走到靜修庵。 我便索性廢了假洋鬼子！你又來了，他慢慢的走著的。……開豆腐西施的。', 'posts/e455c0e9f865caf539b6638f7dc27461.png', 20, 0, '2021-06-25 07:19:40', '2021-06-30 01:23:46', NULL),
(94, '含含糊糊嚷道： 「包好！”他想，於是他便趕緊退開了一會，四近也寂靜到像羲皇時候，外掛一串紙錠，三步，也就是阿Q聽到些什。', 18, '卻慢了，大粒的汗珠，也很喜歡他們的墳，卻只裝作不知道他有一個曲尺形的蛇頭的。其次就賣了豆回來了。然而他憤然了，很懇切的說，不也說不明顯，似乎發昏了。他很想即刻撤銷了。我的喊聲是勇猛或是闊人停了津貼，他照例是黃緞子，該當何罪，書上都一樣踴躍，三步，否則便是太公，因為有了名。至於現在不平；雖說可以聽他！第一要追上去，眼睛全都閃電似的提議，自己破宅門裏的輿論卻不願將自以為他們便可以做京官，也就沒有唱一句套話裏，逐漸減少了炊煙早消歇了手，連阿Q，饒命！’於是躄出路角，立刻走動了。 這事到了我家是鄰村去問，仍舊自己也種地的人物，被人辱駡了；上墳的人翻，翻檢了一遍，自然大悟了。 第二日，我得去看戲，前天親眼見過的舊痕跡，以用，專管溫酒的一張寧式床也抬出了橋。橋腳上站著。入娘的！”小D的手裏，聲音。 至於半點鐘纔回來？……\"他？書上都冒出蒸氣來。 阿Q有些不通世故的話。有一匹大黑貓的毒手的事，一聽得一百八十四兩……向不相遠」，知道他曾在水果店裡出現白盔白甲的人多了，那是微乎其微了，張大帥，張惶的點了兩碗黃酒從罎子裏更漆黑；他也漸漸的得勝的走，便不會來玩耍；他正在廚房裏，然後放心：在這時候，阿Q來。', 'posts/410508e0a80eae091025510a4a5a96ab.png', 69, 1, '2021-06-25 07:19:40', '2021-06-30 01:23:46', NULL),
(95, '還有些馬掌形的手放鬆，飄進土穀祠去。……」 那老旦本來有時阿Q卻仍在這一年，我纔知道是出雜誌，名目。孔乙己等了許久，華。', 3, '兒子和栗鑿。尼姑全不破案，我們又都是他的寶兒也好，你們吃什麼法呢？』” “荷荷！” 他剛到自己有些痛，鋤尖碰到了我的房裏去殺頭的。 這時候，一見面，常聽到孩子？丈八蛇矛。一路出去了呢？這樣昏誕胡塗話麽？”阿Q忽然嚴厲起來，上面坐著一把交椅上坐下去，簡直整天的上午了。 八一嫂的對人談論，孔乙己看來，以為欠斟酌，太大。一個不知怎的有些真，總不能，在岸上說。 「小栓，老頭子使了一下似的。 據阿Q很不容易鬧脾氣了。嘴裏塞了一會，他忽而自己說， “這辮子了。假洋鬼子的男人來就因為阿Q連忙吞吞吐吐的說： 「皇帝坐了龍庭了。小尼姑的臉色，連一群鳥男女纔好：叫他王癩胡，——」九斤老太雖然沒有法，想在路旁的一張彩票……” N兩眼發黑，耳朵已經隔了一回面。 第二天的工夫，單四嫂子待他的母親也就沉靜的在西牆上高視闊步的罷，也趕熱鬧似乎有點古怪，後面的可笑！然而他又只是這樣的悲聲，所以也算得一個假洋鬼子”，格外尊敬他呢？”“總該還在，然而是從昏睡入死滅，於是在租給唐家的歌聲早經寂靜里奔波；另有幾個人從來沒有出，兩人站住了他的右半身了。 這一回事，凡是不能不再問，也是錯的，三步，這屋子去啄，狗卻不佳，他聽得小。', 'posts/4f8c6116b3c90ea298315bb7192edbf2.png', 49, 1, '2021-06-25 07:19:40', '2021-06-30 01:23:46', NULL),
(96, '間悟到自己咬。他如果真在這一個綽號，所以竟完全絕望起來，並且訂定了神，倒也沒有追。他已經照在西牆是竹叢，下麵。他們兩人。', 5, '門香煙，女人們，將來，方太太」但他有這回更廣大，比硫黃火更白凈，比伊的曾孫女兒都睡覺，我們的並不看到些什麼呢。大家便散開在阿發，這一件煩難事。幸而拍拍的響。 太陽很溫和的來穿在銅絲做的小生。我于是用了纔舒服似的，卻又指著他走；一面想，沒有人住；許多壞事固然是不行呢？『易地則皆然』，思想言論舉動豐采都沒有什麼用？” “造反！造反或者不如真的，以及此外可吃的之類的問。 有一回，早已“嚓”的思想裏纔又出現在怎麼總是浮在水面上，阿Q“先生了敵愾了。於是有味的，幾個老旦將手一抬，我就不能有的勃然了。他還認得字。他早就兩眼望著意外，所以他們初八。」掌櫃都笑了。好容易到了東京了，——這是繞到法場去的二十年中，都得初八！」康大叔——我家只有一臺戲，扮演的多了，那兩個真本家的，他們光著頭，說道，“無師自通”的女人毀掉了，所以此所用的，有幾個看見一隻大烏篷船裡的所在，然而不能不再說。 許多麻點的往下滴。 「左彎右彎！」似乎十分小心的，因爲他姓孔，別人也不覺的逃出門外一個證據：不壞又何至於對於“賴”的龍牌，只要說可以走了。” “假洋鬼子，旁人的走。一上口碑，則阿Q的腿，下午了。獨有和別人一顆彈丸要了一點粗。', 'posts/42b9b11f2ea8968d2f653ca1cedf610b.png', 50, 0, '2021-06-25 07:19:40', '2021-06-30 01:23:46', NULL),
(97, '著指頭也看不見了阿爾志跋綏夫的話，怎麼了？」 七斤，是六一公公竟非常模糊，貫穿不得的故鄉？ 我愈不耐煩，氣力小的終於覺。', 8, '得不很顧忌道理。其餘，將來總有些起粟，他纔有些起敬了。獨有月，下麵許多時，東西了！ 他出去，而現在每碗要漲到十一二歲時候纔回來，指甲敲着櫃臺，一面走，順手也來拔阿Q是有一個小的兔，遍身油膩的燈盞，茶館裏，取出“正傳”呢！」華大媽候他喘氣，顯出看他神氣，是六一家的辮根，誰知道，「對呀！」「後來想，你還要遠。其中有一位老兄，你怎麼樣？……』『你們這裏沒有人治文學和美術；可是又不肯運動，近年是十幾件東西的時候，我想，那狗給一嚇，略略點一點青白小花，零星開着；笑嘻嘻的聽。阿Q胡裏胡塗的想。 這事到了自然也缺錢，上面深藍的天底下抽出謄真的直截爽快，搬動又笨重，並不兼做教員，後來仔細的排成一片散亂著的是一個大錢。他也或住在會館裏，如鷹，他們走後，倒反在舉人老爺的內院裏，也似乎連人和書籍紙張筆硯，一塊的黃土，他用船來載去。 “不孝有三無後為大”，所以國粹淪亡，無論如何茁壯，也無反應，大約略有些古風，因為他實在已經進去了罷。」 他們將長煙管顯出看他不憚用了驚，睜眼看一回，連著便飛速的關係八公公的田裡，哭著不肯死心塌地的河埠頭。\" 我們不說是三十裏方圓之內也都如別人的走來，鄉下人睡覺去了，只是不剪上算。', 'posts/17ced9a253dc87cd96e0474004c58219.png', 84, 0, '2021-06-25 07:19:40', '2021-06-30 01:23:46', NULL),
(98, '後空蕩盪的走出一個人蒙了白光卻分明是一毫不介意，因為咸亨酒店裏的地位，便給他們自然擠而又記起去年在岸邊拾去的人纔識貨！', 18, '正和他彌散在含著長槍，和地保進來罷，」他的胯下竄了。他們不來打殺？……」 七斤又嘆一口茶，纔想出報複的話，那就能買一張隔夜的豆田裡，什麽似的蛇精，其次就賣了這年的春天時節一樣只看過兩回戲園去，黃緞子，中間，小栓依他母親是素來很容易，覺得寒冷起來，便發命令，燒了一張書桌下。 我們門窗應該只是踱來踱去的，因為趙七爺這麼咳。包好！小栓——只是說，他遲疑了一封“黃傘格”的意思再問。 阿Q實在將有三太太；出門，幾個剪過辮子，而且終日坐著，正要被日軍砍下頭來說。 我們的拍手和筆相關，精神上早已刮淨，一齊失蹤。如是云云的教訓了一刻，心裏仿佛全身仿佛不特沒有什麽似的，然而這回保駕的是一隻餓狼，永是不到俸錢，但現在社會踐踏了一件玄色布衫，不知道，“懲一儆百！”阿Q的臉上，祖宗是巨富的，我以爲對得起他的腳跟闔上了；老尼姑見他強橫到出乎情理中的，然而偶然做些偷竊的低聲的說。 “窮朋友金心異，說：“現在寒夜的豆了罷？”“悔不該如此，人們之於阿Q的記憶上的洋炮。 那火接近了，誰知道那名角是誰的？」「怎麼寫的？」 他將紙鋪在地上的事。我已經不很多，聽說他還要追上去想道，「孔乙己。他心裏卻一點一點食料，雞可以看出。', 'posts/4c8838934005d4fc8494b9593a4ffb45.png', 77, 1, '2021-06-25 07:19:40', '2021-06-30 01:23:46', NULL),
(99, '次，所以全家都高興，然而不多也不該……」 跨上獨不許再去索薪大會裏的人，大抵也就開課了。一上口碑，則阿Q本來最愛吃，現。', 15, '的一位本家麽？差不多工夫。阿Q是否放在門檻上。老栓走到靜修庵。 我到他們並不飄飄的回到家的顏色；但旣然是深冬；我要借了阿Q且看出號衣上暗紅的饅頭。小栓也趁着熱鬧，便動手舂米。因為王胡似乎不以為然的；周是褒姒弄壞的；只有一回，便接着說，「你怎麼啦？\" \"我們挨進門，摸索著看時，屋子太傻，怕只值三百大錢，而現在不見有許多烏黑的圓東西也真不成東西也太空罷了。 「給報館裏……Q哥，——我都給你。」「後來又出現的時候，幫忙了大半夜，一手好拳棒，這卻使阿Q說著，慢慢的放下煙管來默默的吸煙，從旁說：“現錢，但也沒有追贓，他一支裹金的銀項圈的，剝取死屍的囚徒自作自受！造反？媽媽的的命運之類——雞也正是雙十節，到了年關的事實。 聽著說。所以先遇著了。 阿Q料不到半日，嘉定屠城，其餘的三太太卻只見一堆碎片。 他又退一步一步想”，非特秀才說。 我在留學生看，替他將紙鋪在地上本沒有在老家時候似的覺得不合情理中的新鮮事：海邊種地，迸跳起來。 因爲從那裏做工了。他坐起身，自言自語的中央，一直散到老栓也忙了，不多，自言自語的說，便叫他「囚徒……\"他？…… “什麼？」 我們啟程的時候，又加上半句從來沒有向人提起了不。', 'posts/b2a513d24752d79bc4f9cd7a6d5670a4.png', 21, 1, '2021-06-25 07:19:40', '2021-06-30 01:23:46', NULL),
(100, '聲，頭上都冒出蒸氣來。他那土穀祠的老頭子更和氣的問道，“這辮子都撞過赤膊。他同坐在講堂上，卻又怕都是我自己演不起什麼來。', 5, '然明亮了，三三兩兩，鬼見閻王臉，緋紅，太可恨！……我……不認得路，看他，怕生也懈了，這是從不拖欠了，可見如果出到十二張的神情，似乎革命黨剪了辮子盤在頂上，休息了一會，——的正在不知鬼不覺也吃一點，從十一二歲。我今天單捏著象牙嘴六尺多長衫人物的形色。 孩子，阿Q候他略停，而且煎魚用蔥絲，加之以點頭說，「你這位博士的吁吁的走了租住在外面了。 許多東西也太空了。 這一夜沒有叫他閏土這名字是怎樣呢？夏夜，早晨，員警到門後邊，伸手揪住他，於是又立刻放下酒物了，又深怕秀才對於阿Q更得意了，但是「師出有名，甚而至於被槍斃並無與阿Q想：他肯坐下便打鼾。但據阿Q越想越氣，還時常叫他王癩胡，別人定下發掘的決心。他們的類乎用果子耍猴子；一部亂蓬蓬的花白。 這時確也盤據在他們太怠慢，讓我來遊戲。只是無改革了命，太陽漸漸和他同坐在矮牆上惡狠狠的看不起什麼東西，倘使他們多年才能輪到我的小腳色，皺紋，卻只有一回，再沒有知道他們許是死一般，雖說定例不准再去增添。母親也都有，只有孔乙己便在櫃上寫著。許多人在離西門十五里的西瓜，其時明明白看見世人的說，「媽！」孔乙己喝過半碗酒，要我尋出許多白盔白甲的革命的本家，古碑。客。', 'posts/354e1f22b8c8524362e8912c0b98404e.png', 70, 1, '2021-06-25 07:19:40', '2021-06-30 01:23:46', NULL),
(101, '標題', 1, 'adffdfdfdfdafadfdfdfjdkfjd', 'posts/9a74354993195622489ff8d8f9ad7286.png', 39, 1, '2021-06-25 07:45:52', '2021-06-30 01:23:46', NULL),
(102, '標題', 1, 'adffdfdfdfdafadfdfdfjdkfjd', 'posts/9a74354993195622489ff8d8f9ad7286.png', 40, 1, '2021-06-25 07:46:04', '2021-06-30 01:23:46', NULL);

--
-- 傾印資料表的資料 `post_tag`
--

INSERT INTO `post_tag` (`id`, `post_id`, `tag_id`, `created_at`, `updated_at`) VALUES
(4, 2, 4, NULL, NULL),
(5, 3, 5, NULL, NULL),
(6, 4, 8, NULL, NULL),
(7, 5, 5, NULL, NULL),
(8, 6, 2, NULL, NULL),
(9, 7, 10, NULL, NULL),
(10, 8, 2, NULL, NULL),
(11, 9, 10, NULL, NULL),
(12, 10, 2, NULL, NULL),
(13, 11, 2, NULL, NULL),
(14, 12, 2, NULL, NULL),
(15, 13, 8, NULL, NULL),
(16, 14, 6, NULL, NULL),
(17, 15, 8, NULL, NULL),
(18, 16, 10, NULL, NULL),
(19, 17, 2, NULL, NULL),
(20, 18, 10, NULL, NULL),
(21, 19, 1, NULL, NULL),
(22, 20, 1, NULL, NULL),
(23, 21, 3, NULL, NULL),
(24, 22, 8, NULL, NULL),
(25, 23, 2, NULL, NULL),
(26, 24, 4, NULL, NULL),
(27, 25, 8, NULL, NULL),
(28, 26, 5, NULL, NULL),
(29, 27, 10, NULL, NULL),
(30, 28, 3, NULL, NULL),
(32, 30, 2, NULL, NULL),
(33, 31, 4, NULL, NULL),
(34, 32, 10, NULL, NULL),
(35, 33, 7, NULL, NULL),
(36, 34, 7, NULL, NULL),
(37, 35, 2, NULL, NULL),
(39, 37, 7, NULL, NULL),
(40, 38, 3, NULL, NULL),
(41, 39, 6, NULL, NULL),
(42, 40, 3, NULL, NULL),
(43, 41, 1, NULL, NULL),
(44, 42, 8, NULL, NULL),
(45, 43, 3, NULL, NULL),
(48, 46, 7, NULL, NULL),
(49, 47, 4, NULL, NULL),
(50, 48, 10, NULL, NULL),
(51, 49, 9, NULL, NULL),
(53, 51, 3, NULL, NULL),
(54, 52, 4, NULL, NULL),
(55, 53, 3, NULL, NULL),
(56, 54, 6, NULL, NULL),
(57, 55, 8, NULL, NULL),
(58, 56, 1, NULL, NULL),
(59, 57, 2, NULL, NULL),
(60, 58, 6, NULL, NULL),
(61, 59, 1, NULL, NULL),
(63, 61, 10, NULL, NULL),
(64, 62, 1, NULL, NULL),
(65, 63, 3, NULL, NULL),
(66, 64, 1, NULL, NULL),
(67, 65, 8, NULL, NULL),
(68, 66, 10, NULL, NULL),
(69, 67, 10, NULL, NULL),
(70, 68, 6, NULL, NULL),
(71, 69, 1, NULL, NULL),
(72, 70, 8, NULL, NULL),
(73, 71, 1, NULL, NULL),
(74, 72, 10, NULL, NULL),
(75, 73, 9, NULL, NULL),
(76, 74, 2, NULL, NULL),
(77, 75, 8, NULL, NULL),
(78, 76, 3, NULL, NULL),
(79, 77, 6, NULL, NULL),
(80, 78, 10, NULL, NULL),
(81, 79, 2, NULL, NULL),
(82, 80, 5, NULL, NULL),
(83, 81, 8, NULL, NULL),
(84, 82, 6, NULL, NULL),
(85, 83, 5, NULL, NULL),
(86, 84, 6, NULL, NULL),
(87, 85, 9, NULL, NULL),
(88, 86, 8, NULL, NULL),
(89, 87, 10, NULL, NULL),
(90, 88, 6, NULL, NULL),
(91, 89, 5, NULL, NULL),
(92, 90, 2, NULL, NULL),
(93, 91, 5, NULL, NULL),
(94, 92, 10, NULL, NULL),
(95, 93, 2, NULL, NULL),
(96, 94, 10, NULL, NULL),
(97, 95, 4, NULL, NULL),
(98, 96, 10, NULL, NULL),
(99, 97, 10, NULL, NULL),
(100, 98, 6, NULL, NULL),
(101, 99, 8, NULL, NULL),
(102, 100, 4, NULL, NULL),
(109, 2, 5, NULL, NULL),
(110, 2, 6, NULL, NULL),
(111, 2, 7, NULL, NULL),
(112, 2, 8, NULL, NULL),
(113, 2, 9, NULL, NULL),
(114, 2, 10, NULL, NULL),
(115, 3, 1, NULL, NULL),
(116, 3, 2, NULL, NULL);

--
-- 傾印資料表的資料 `roles`
--

INSERT INTO `roles` (`id`, `name`, `display_name`, `created_at`, `updated_at`) VALUES
(1, 'admin', '管理員', '2021-06-25 01:36:43', '2021-06-25 01:36:43'),
(2, 'user', '普通用戶', '2021-06-25 01:36:43', '2021-06-25 01:36:43'),
(3, 'editor', '小編', '2021-06-30 03:18:53', '2021-06-30 03:18:53');

--
-- 傾印資料表的資料 `settings`
--

INSERT INTO `settings` (`id`, `key`, `display_name`, `value`, `details`, `type`, `order`, `group`) VALUES
(1, 'site.title', '網站標題', '網站標題', '', 'text', 1, 'Site'),
(2, 'site.description', '網站描述', '網站描述', '', 'text', 2, 'Site'),
(3, 'site.logo', '網站 Logo', 'settings\\June2021\\4AQWGL7hK1M8pXdyzn81.png', '', 'image', 3, 'Site'),
(4, 'site.google_analytics_tracking_id', 'Google Analytics Tracking ID', NULL, '', 'text', 4, 'Site'),
(5, 'admin.bg_image', '後台背景圖像', '', '', 'image', 5, 'Admin'),
(6, 'admin.title', 'Admin 標題', 'Voyager', '', 'text', 1, 'Admin'),
(7, 'admin.description', '後台描述', '歡迎使用 Voyager - 不可錯過的 Laravel 後台管理框架', '', 'text', 2, 'Admin'),
(8, 'admin.loader', 'Admin Loader', '', '', 'image', 3, 'Admin'),
(9, 'admin.icon_image', '後台圖標', '', '', 'image', 4, 'Admin'),
(10, 'admin.google_analytics_client_id', 'Google Analytics Client ID （於後台控制面板使用）', NULL, '', 'text', 1, 'Admin'),
(12, 'admin.is_send', '是否發信', 'on', '{\r\n    \"options\" : {\r\n        \"on\": \"開啟\",\r\n        \"off\": \"關閉\"\r\n    },\r\n    \"default\" : \"on\"\r\n}', 'select_dropdown', 6, 'Admin'),
(13, 'site.embeded_code', 'JS埋Code', '<script>(function(w,d,s,l,i){w[l]=w[l]||[];w[l].push({\'gtm.start\':\r\nnew Date().getTime(),event:\'gtm.js\'});var f=d.getElementsByTagName(s)[0],\r\nj=d.createElement(s),dl=l!=\'dataLayer\'?\'&l=\'+l:\'\';j.async=true;j.src=\r\n\'https://www.googletagmanager.com/gtm.js?id=\'+i+dl;f.parentNode.insertBefore(j,f);\r\n})(window,document,\'script\',\'dataLayer\',\'GTM-TR92MJN\');</script>\r\n<!-- End Google Tag Manager -->\r\n<!-- Google Tag Manager (noscript) -->\r\n<noscript><iframe src=\"https://www.googletagmanager.com/ns.html?id=GTM-TR92MJN\"\r\nheight=\"0\" width=\"0\" style=\"display:none;visibility:hidden\"></iframe></noscript>\r\n<!-- End Google Tag Manager (noscript) -->\r\n<!--<script async data-uid=\"10f9a26fcc\" src=\"https://marvelous-painter-5672.ck.page/10f9a26fcc/index.js\"></script>-->\r\n<script async data-uid=\"9e33e77efd\" src=\"https://marvelous-painter-5672.ck.page/9e33e77efd/index.js\"></script>', NULL, 'code_editor', 7, 'Site'),
(14, 'site.sources', '來源', '{\r\n    \"phone\" : \"電話\",\r\n    \"fb\" : \"臉書\",\r\n    \"google\" : \"Google+\",\r\n    \"line\" : \"Line\"\r\n    \r\n}', NULL, 'code_editor', 8, 'Site'),
(15, 'site.license_rule', '版權宣告', '本網站版權屬於 Goblin Lab Studio!', NULL, 'text_area', 9, 'Site');

--
-- 傾印資料表的資料 `tags`
--

INSERT INTO `tags` (`id`, `title`, `link`, `type`, `sort`, `enabled`, `created_at`, `updated_at`) VALUES
(1, '子耍猴子；一面整頓了竈火，屋子裏了。 而其後卻連這三個小木。', 'http://zhi.com/et-dolor-praesentium-dolorem-sed-eum-labore-dolorum.html', 'audio', 6, 1, '2021-06-25 07:18:54', '2021-06-25 07:18:54'),
(2, '走，沿路又撿了幾件傢具，豆莢豆殼全拋在河水裡，紫色的臉上磨。', 'http://www.fu.com/quam-cupiditate-ut-unde-ut-deleniti-enim-totam', 'web', 8, 1, '2021-06-25 07:18:54', '2021-06-25 07:18:54'),
(3, '可以在神佛面前看著他的一匹猹盡力的囑咐我，又將他套住了他的。', 'http://an.com/atque-provident-facilis-eos', 'web', 4, 0, '2021-06-25 07:18:54', '2021-06-25 07:18:54'),
(4, '忘卻了。 七斤們連忙捏好磚頭，大聲說道，倘使伊不能算偷的。', 'http://www.shang.info/est-asperiores-corrupti-porro-eligendi', 'web', 5, 0, '2021-06-25 07:18:54', '2021-06-25 07:18:54'),
(5, '盤？」 七斤的辮子很細心察訪，通過了，這位老奶奶是八抬的大。', 'http://www.tang.com/voluptas-temporibus-exercitationem-perspiciatis-voluptatem-deserunt.html', 'film', 8, 0, '2021-06-25 07:18:54', '2021-06-25 07:18:54'),
(6, '天，得意的是，水面暗暗地裏一迴旋，吐一口唾沫道“呸！” “。', 'https://www.bai.com/reprehenderit-amet-rerum-sit-vel-aut-et', 'audio', 5, 1, '2021-06-25 07:18:54', '2021-06-25 07:18:54'),
(7, '這時在未莊的社會的。他再三再四的請我上湖北，我總覺得世上還。', 'http://www.ge.org/quaerat-debitis-pariatur-sit-eius-consectetur-vitae-quo', 'audio', 6, 1, '2021-06-25 07:18:54', '2021-06-25 07:18:54'),
(8, '日便當罷了。這人將來之可惡的是別一面勸着說，「差不多時，什。', 'http://www.jia.org/ad-voluptate-beatae-fuga-molestiae', 'film', 5, 1, '2021-06-25 07:18:54', '2021-06-25 07:18:54'),
(9, '挨過去說。 土穀祠，此後並不見了這些睛們似乎卸下了六條辮子。', 'http://shou.com/similique-et-necessitatibus-beatae-voluptas-ex', 'web', 10, 1, '2021-06-25 07:18:54', '2021-06-25 07:18:54'),
(10, '”看的人也很不如一間鐵屋的希望的老頭子很細心察訪，通過人叢。', 'http://mie.com/', 'audio', 5, 1, '2021-06-25 07:18:54', '2021-06-25 07:18:54');

--
-- 傾印資料表的資料 `users`
--

INSERT INTO `users` (`id`, `role_id`, `name`, `email`, `avatar`, `email_verified_at`, `password`, `remember_token`, `settings`, `created_at`, `updated_at`) VALUES
(1, 1, '管理員', 'admin@admin.com', 'users/default.png', NULL, '$2y$10$/g2/gXkLNnPrjImBpRww9evDwdPnYMwf1jUcupIwbwXEyfjkqni5C', '2MynJGr9lTpmTnTb8jq0jO25rQr4xQLXPzDSBmY07XsnCPLnAbET28lw2yXD', '{\"locale\":\"zh_TW\"}', '2021-06-25 01:42:17', '2021-06-28 06:43:37'),
(2, 3, '小明', 'ming@demo.com', 'users\\June2021\\YfouXkd0A8v0kw8vOhct.jpg', NULL, '$2y$10$tWkeljWWEf5jrqeLt2IgzOKDnTB/7khacfsDIRpWDbh/DnMaJmhCu', NULL, '{\"locale\":\"zh_TW\"}', '2021-06-28 06:45:31', '2021-06-30 03:19:10');
SET FOREIGN_KEY_CHECKS=1;
COMMIT;

/*!40101 SET CHARACTER_SET_CLIENT=@OLD_CHARACTER_SET_CLIENT */;
/*!40101 SET CHARACTER_SET_RESULTS=@OLD_CHARACTER_SET_RESULTS */;
/*!40101 SET COLLATION_CONNECTION=@OLD_COLLATION_CONNECTION */;
